[{"id":"3bca456b-a9d3-4fc0-b554-70c21cab464c","name":"v720_a1_matomo_loader","database":"brian_v700_dev","environment":"DEVELOPMENT","accessability":"PUBLIC","partitionScheme":"DAILY","partitionedDateColumnId":"56be27fd-4043-4d7f-ba4d-ad766b7427b2","timeSource":"","timeFormat":"yyyy-MM-dd","localIdentitySource":null,"inputSourceColumnId":null,"parameters":{"fileFormat":"PARQUET","fieldDelimiter":"\\t","quoteCharacter":null,"escapeCharacter":null},"deletedAt":null,"columns":[{"id":"b6572ec6-e30e-4f82-a036-c376e885d7d1","name":"visitip","processMappingId":"eafc0569-3350-4422-9ee3-dc4c08bb9a22","datasetId":"3bca456b-a9d3-4fc0-b554-70c21cab464c","datatype":"string","isPartitioned":false,"isIdentifier":false,"isGroupBy":false,"isEncrypted":false,"order":3},{"id":"6cfd8956-ef21-4a2a-9f9b-2a8c889a6a55","name":"visitorid","processMappingId":"b83768ef-cb20-4a66-a8ea-8d001a6354fe","datasetId":"3bca456b-a9d3-4fc0-b554-70c21cab464c","datatype":"boolean","isPartitioned":false,"isIdentifier":false,"isGroupBy":false,"isEncrypted":false,"order":4},{"id":"13977a9e-d179-4deb-9f3f-3d97241b2e1e","name":"fingerprint","processMappingId":"9cde2aae-deb1-43a3-a5e4-81173346f1e7","datasetId":"3bca456b-a9d3-4fc0-b554-70c21cab464c","datatype":"boolean","isPartitioned":false,"isIdentifier":false,"isGroupBy":false,"isEncrypted":false,"order":5},{"id":"47e8117a-a1c0-4e01-8e3b-ba8769155c72","name":"goalconversions","processMappingId":"baabb255-5a50-4514-8b96-62fdb4996659","datasetId":"3bca456b-a9d3-4fc0-b554-70c21cab464c","datatype":"bigint","isPartitioned":false,"isIdentifier":false,"isGroupBy":false,"isEncrypted":false,"order":6},{"id":"86a6f5c6-8f08-4e00-9618-9c24dd88a9f8","name":"sitecurrency","processMappingId":"f3c6bb0a-9f0d-4a74-8ea6-ddb2661aaca4","datasetId":"3bca456b-a9d3-4fc0-b554-70c21cab464c","datatype":"string","isPartitioned":false,"isIdentifier":false,"isGroupBy":false,"isEncrypted":false,"order":7},{"id":"1fb20943-9fce-4ae0-854b-74a1730166ef","name":"sitecurrencysymbol","processMappingId":"8a5daf98-a611-44a0-9c99-c5b4a5e21e16","datasetId":"3bca456b-a9d3-4fc0-b554-70c21cab464c","datatype":"string","isPartitioned":false,"isIdentifier":false,"isGroupBy":false,"isEncrypted":false,"order":8},{"id":"69eb0866-f973-492f-9985-2393577bc4fa","name":"serverdate","processMappingId":"e5793074-4104-44d0-be10-a7576565fbb6","datasetId":"3bca456b-a9d3-4fc0-b554-70c21cab464c","datatype":"string","isPartitioned":false,"isIdentifier":false,"isGroupBy":false,"isEncrypted":false,"order":9},{"id":"800d8948-9dad-4a41-b4e9-dbbca658c87c","name":"visitserverhour","processMappingId":"f058838d-6aec-4796-818c-5fe2d9de2e44","datasetId":"3bca456b-a9d3-4fc0-b554-70c21cab464c","datatype":"string","isPartitioned":false,"isIdentifier":false,"isGroupBy":false,"isEncrypted":false,"order":10},{"id":"7763cac8-6589-4367-8c8d-9f4bc158e82d","name":"lastactiontimestamp","processMappingId":"e502cf33-ff53-49e2-a1d4-728186ef79ee","datasetId":"3bca456b-a9d3-4fc0-b554-70c21cab464c","datatype":"bigint","isPartitioned":false,"isIdentifier":false,"isGroupBy":false,"isEncrypted":false,"order":11},{"id":"925082d8-53ab-4daa-b95c-89cc86ed32f1","name":"lastactiondatetime","processMappingId":"5ca6369f-2a77-4daf-beda-b8aae6820740","datasetId":"3bca456b-a9d3-4fc0-b554-70c21cab464c","datatype":"string","isPartitioned":false,"isIdentifier":false,"isGroupBy":false,"isEncrypted":false,"order":12},{"id":"1488cd61-4bbe-42e3-8751-7961e3ee6146","name":"sitename","processMappingId":"bb974321-d785-4af4-8aaf-b03e89579a80","datasetId":"3bca456b-a9d3-4fc0-b554-70c21cab464c","datatype":"string","isPartitioned":false,"isIdentifier":false,"isGroupBy":false,"isEncrypted":false,"order":13},{"id":"aa333dff-8154-49ad-bae7-ac24c60c30a4","name":"servertimestamp","processMappingId":"472147e3-3f3a-424e-acf6-4969a8492e02","datasetId":"3bca456b-a9d3-4fc0-b554-70c21cab464c","datatype":"bigint","isPartitioned":false,"isIdentifier":false,"isGroupBy":false,"isEncrypted":false,"order":14},{"id":"0c8f046b-e8e1-442b-b0c6-18f66d5314a4","name":"firstactiontimestamp","processMappingId":"1bdae721-fea8-4e41-8a4a-c18a1cf87d87","datasetId":"3bca456b-a9d3-4fc0-b554-70c21cab464c","datatype":"bigint","isPartitioned":false,"isIdentifier":false,"isGroupBy":false,"isEncrypted":false,"order":15},{"id":"7bcc7d88-b8df-461c-8c25-05f70245fe03","name":"servertimepretty","processMappingId":"2fbaf94d-c4a9-4dbe-9e62-3600db208790","datasetId":"3bca456b-a9d3-4fc0-b554-70c21cab464c","datatype":"string","isPartitioned":false,"isIdentifier":false,"isGroupBy":false,"isEncrypted":false,"order":16},{"id":"4d6a4d8a-13fc-46a6-8dcf-e2cb16034634","name":"serverdatepretty","processMappingId":"07717a15-8e0a-47ec-9b9a-28d359518672","datasetId":"3bca456b-a9d3-4fc0-b554-70c21cab464c","datatype":"string","isPartitioned":false,"isIdentifier":false,"isGroupBy":false,"isEncrypted":false,"order":17},{"id":"38dcbee8-206e-4d83-ba30-75ddfa56445b","name":"serverdateprettyfirstaction","processMappingId":"7019d3d3-1cda-45d4-b462-c895174a7e16","datasetId":"3bca456b-a9d3-4fc0-b554-70c21cab464c","datatype":"string","isPartitioned":false,"isIdentifier":false,"isGroupBy":false,"isEncrypted":false,"order":18},{"id":"4d9775e9-b051-464b-9e11-974ed3635068","name":"servertimeprettyfirstaction","processMappingId":"37def661-c061-4f68-8661-4d413a6744c7","datasetId":"3bca456b-a9d3-4fc0-b554-70c21cab464c","datatype":"string","isPartitioned":false,"isIdentifier":false,"isGroupBy":false,"isEncrypted":false,"order":19},{"id":"4a56321a-0e42-436d-9040-dad465ef922c","name":"userid","processMappingId":"ef1ddc93-115c-4f53-b9f8-3f740c4a7d42","datasetId":"3bca456b-a9d3-4fc0-b554-70c21cab464c","datatype":"string","isPartitioned":false,"isIdentifier":false,"isGroupBy":false,"isEncrypted":false,"order":20},{"id":"2b6c0f2b-653c-4a4f-ba03-82c9f1eb6a8f","name":"visitortype","processMappingId":"f07fe8d4-7f9d-4c81-9405-bc515b9ac73f","datasetId":"3bca456b-a9d3-4fc0-b554-70c21cab464c","datatype":"string","isPartitioned":false,"isIdentifier":false,"isGroupBy":false,"isEncrypted":false,"order":21},{"id":"4e36dfad-25a3-454e-b97d-60849ca983cb","name":"visitortypeicon","processMappingId":"779ee5f7-c7ad-44da-a659-82dc97cd7768","datasetId":"3bca456b-a9d3-4fc0-b554-70c21cab464c","datatype":"string","isPartitioned":false,"isIdentifier":false,"isGroupBy":false,"isEncrypted":false,"order":22},{"id":"b77099d5-5b2f-4f0d-8ac3-3e3152c27ca2","name":"visitconvertedicon","processMappingId":"00ac6937-df06-4d27-994c-37b48a2965e1","datasetId":"3bca456b-a9d3-4fc0-b554-70c21cab464c","datatype":"string","isPartitioned":false,"isIdentifier":false,"isGroupBy":false,"isEncrypted":false,"order":24},{"id":"db578f9e-0c51-423f-ae09-536ae16dfee2","name":"visitecommercestatus","processMappingId":"4ed1da95-10d1-43c1-8050-2dc67ce2fd35","datasetId":"3bca456b-a9d3-4fc0-b554-70c21cab464c","datatype":"string","isPartitioned":false,"isIdentifier":false,"isGroupBy":false,"isEncrypted":false,"order":26},{"id":"a440f46c-1538-4bee-8587-7060c36e3646","name":"visitecommercestatusicon","processMappingId":"7f6f7f50-1229-4d3e-8144-3bd044c68c01","datasetId":"3bca456b-a9d3-4fc0-b554-70c21cab464c","datatype":"string","isPartitioned":false,"isIdentifier":false,"isGroupBy":false,"isEncrypted":false,"order":27},{"id":"ec2e8ecb-66fd-433a-be3c-905452b5672d","name":"dayssincefirstvisit","processMappingId":"7b71ac45-5b8d-42ee-94bb-f2e12a95b00c","datasetId":"3bca456b-a9d3-4fc0-b554-70c21cab464c","datatype":"bigint","isPartitioned":false,"isIdentifier":false,"isGroupBy":false,"isEncrypted":false,"order":28},{"id":"dd7bf525-0102-4abb-a3d5-174839138a7e","name":"dayssincelastecommerceorder","processMappingId":"73d1dff4-6784-4d86-a9bc-ecad8c394155","datasetId":"3bca456b-a9d3-4fc0-b554-70c21cab464c","datatype":"bigint","isPartitioned":false,"isIdentifier":false,"isGroupBy":false,"isEncrypted":false,"order":30},{"id":"97a55748-fe68-4c30-a7f2-6c870090d83f","name":"visitdurationpretty","processMappingId":"568849bd-4908-44e9-a8a4-c7e6d6d23c30","datasetId":"3bca456b-a9d3-4fc0-b554-70c21cab464c","datatype":"string","isPartitioned":false,"isIdentifier":false,"isGroupBy":false,"isEncrypted":false,"order":33},{"id":"8f5611eb-f835-4fea-a706-d5d39b8b54da","name":"referrertype","processMappingId":"0f9d65f1-e9e7-4feb-960b-d36ce6021686","datasetId":"3bca456b-a9d3-4fc0-b554-70c21cab464c","datatype":"string","isPartitioned":false,"isIdentifier":false,"isGroupBy":false,"isEncrypted":false,"order":37},{"id":"7bb666f7-69c6-4c05-b1f8-0146eca4d9c3","name":"referrertypename","processMappingId":"c3f1b4d9-8024-45e8-a737-7042d9b93c0e","datasetId":"3bca456b-a9d3-4fc0-b554-70c21cab464c","datatype":"string","isPartitioned":false,"isIdentifier":false,"isGroupBy":false,"isEncrypted":false,"order":38},{"id":"03eba28e-9e47-4960-ab49-a2e75a106255","name":"referrername","processMappingId":"70d298c9-820c-4b2d-9564-75d9a57148f8","datasetId":"3bca456b-a9d3-4fc0-b554-70c21cab464c","datatype":"string","isPartitioned":false,"isIdentifier":false,"isGroupBy":false,"isEncrypted":false,"order":39},{"id":"9c3fab69-0c99-452a-9586-200a3a027940","name":"referrerkeyword","processMappingId":"2be6c3d0-9c69-48a3-a76d-dde36c670c57","datasetId":"3bca456b-a9d3-4fc0-b554-70c21cab464c","datatype":"string","isPartitioned":false,"isIdentifier":false,"isGroupBy":false,"isEncrypted":false,"order":40},{"id":"1824e57f-dbef-4d17-a53c-0a480ac45c83","name":"referrerkeywordposition","processMappingId":"5c9d0be3-3fb4-40dc-8358-8a047ecc8dbc","datasetId":"3bca456b-a9d3-4fc0-b554-70c21cab464c","datatype":"string","isPartitioned":false,"isIdentifier":false,"isGroupBy":false,"isEncrypted":false,"order":41},{"id":"63a607f9-3a22-4cba-9bf6-86634a87fa62","name":"referrerurl","processMappingId":"2dce3a58-c193-41b4-82b3-e0c94004d160","datasetId":"3bca456b-a9d3-4fc0-b554-70c21cab464c","datatype":"string","isPartitioned":false,"isIdentifier":false,"isGroupBy":false,"isEncrypted":false,"order":42},{"id":"c9968fd8-94f5-40ce-90d3-f4e300b088cc","name":"referrersearchengineurl","processMappingId":"661ecd1c-6e3b-4e5e-b79c-e14527958022","datasetId":"3bca456b-a9d3-4fc0-b554-70c21cab464c","datatype":"string","isPartitioned":false,"isIdentifier":false,"isGroupBy":false,"isEncrypted":false,"order":43},{"id":"cf3bcbdd-7adb-49c6-8d3e-157b81fd12d0","name":"referrersearchengineicon","processMappingId":"3e44f1fb-f084-4784-a561-51dba6f9ab18","datasetId":"3bca456b-a9d3-4fc0-b554-70c21cab464c","datatype":"string","isPartitioned":false,"isIdentifier":false,"isGroupBy":false,"isEncrypted":false,"order":44},{"id":"6076489d-3450-44e1-9126-c68e7871d50f","name":"referrersocialnetworkurl","processMappingId":"b344bd07-4e1c-4d6b-91a1-12c89aa24892","datasetId":"3bca456b-a9d3-4fc0-b554-70c21cab464c","datatype":"string","isPartitioned":false,"isIdentifier":false,"isGroupBy":false,"isEncrypted":false,"order":45},{"id":"5b268311-6ab7-4c3a-9f21-7ac32599b0f4","name":"referrersocialnetworkicon","processMappingId":"f9303b05-d760-4e59-a810-194fde0a7e14","datasetId":"3bca456b-a9d3-4fc0-b554-70c21cab464c","datatype":"string","isPartitioned":false,"isIdentifier":false,"isGroupBy":false,"isEncrypted":false,"order":46},{"id":"34e937c1-9931-4c5a-a564-119e31cc38e8","name":"languagecode","processMappingId":"8b594a56-3d0c-423d-aeb2-e61e21b1a771","datasetId":"3bca456b-a9d3-4fc0-b554-70c21cab464c","datatype":"string","isPartitioned":false,"isIdentifier":false,"isGroupBy":false,"isEncrypted":false,"order":47},{"id":"6490adea-d119-4d09-89a1-e570f1ce3361","name":"language","processMappingId":"a3826bf2-3f57-48d2-8cb4-e399a9d1ea4b","datasetId":"3bca456b-a9d3-4fc0-b554-70c21cab464c","datatype":"string","isPartitioned":false,"isIdentifier":false,"isGroupBy":false,"isEncrypted":false,"order":48},{"id":"56b6c16d-22a5-4ff7-b6ba-cf4ea1ad1684","name":"devicetype","processMappingId":"9430147b-72bc-4c7b-b521-b825f344ab67","datasetId":"3bca456b-a9d3-4fc0-b554-70c21cab464c","datatype":"string","isPartitioned":false,"isIdentifier":false,"isGroupBy":false,"isEncrypted":false,"order":49},{"id":"c3437ad3-c562-45d8-9096-30fbc027021b","name":"devicetypeicon","processMappingId":"9071fc10-00d9-4b5c-adb8-c87ed211b305","datasetId":"3bca456b-a9d3-4fc0-b554-70c21cab464c","datatype":"string","isPartitioned":false,"isIdentifier":false,"isGroupBy":false,"isEncrypted":false,"order":50},{"id":"9527704f-4547-43b4-ada8-dd2f2cc9a250","name":"devicebrand","processMappingId":"67c6058c-6349-469b-a70a-ad65ce7c23b3","datasetId":"3bca456b-a9d3-4fc0-b554-70c21cab464c","datatype":"string","isPartitioned":false,"isIdentifier":false,"isGroupBy":false,"isEncrypted":false,"order":51},{"id":"343abd7f-827b-4339-9b99-c57858c62155","name":"devicemodel","processMappingId":"8f091000-1c2a-473e-82b6-cf6fff2dfcbe","datasetId":"3bca456b-a9d3-4fc0-b554-70c21cab464c","datatype":"string","isPartitioned":false,"isIdentifier":false,"isGroupBy":false,"isEncrypted":false,"order":52},{"id":"f93f3950-fc4b-4174-8dcd-9a2f80ba01ec","name":"operatingsystem","processMappingId":"79b96a9e-4aa4-4352-ab45-dd62787781db","datasetId":"3bca456b-a9d3-4fc0-b554-70c21cab464c","datatype":"string","isPartitioned":false,"isIdentifier":false,"isGroupBy":false,"isEncrypted":false,"order":53},{"id":"2c47a049-086f-4e85-a629-cf813f18bf17","name":"operatingsystemname","processMappingId":"99717b58-ca9e-450a-8159-8bf422f8ceb6","datasetId":"3bca456b-a9d3-4fc0-b554-70c21cab464c","datatype":"string","isPartitioned":false,"isIdentifier":false,"isGroupBy":false,"isEncrypted":false,"order":54},{"id":"dabf1e2c-a6bf-419c-be41-6083d33105f9","name":"operatingsystemicon","processMappingId":"f09445f4-f10a-4bf2-9e34-439f6b53c801","datasetId":"3bca456b-a9d3-4fc0-b554-70c21cab464c","datatype":"string","isPartitioned":false,"isIdentifier":false,"isGroupBy":false,"isEncrypted":false,"order":55},{"id":"76f63305-6b63-4643-b1a5-de6c1f69ed6c","name":"operatingsystemcode","processMappingId":"fe6b2353-083d-4543-8a0a-c7f15301404e","datasetId":"3bca456b-a9d3-4fc0-b554-70c21cab464c","datatype":"string","isPartitioned":false,"isIdentifier":false,"isGroupBy":false,"isEncrypted":false,"order":56},{"id":"f29a79f4-f1f8-4049-83c3-a2a2a818d120","name":"operatingsystemversion","processMappingId":"3f6debff-0a18-4d4a-8a92-83d93a712039","datasetId":"3bca456b-a9d3-4fc0-b554-70c21cab464c","datatype":"string","isPartitioned":false,"isIdentifier":false,"isGroupBy":false,"isEncrypted":false,"order":57},{"id":"f3e3b278-bf08-496a-9a27-0587484321f5","name":"browserfamily","processMappingId":"afa426c7-a871-4fbd-8af9-0cbab3c06c61","datasetId":"3bca456b-a9d3-4fc0-b554-70c21cab464c","datatype":"string","isPartitioned":false,"isIdentifier":false,"isGroupBy":false,"isEncrypted":false,"order":58},{"id":"00a85cca-2692-446d-a4bc-b9de6264ab22","name":"browserfamilydescription","processMappingId":"a06cc559-1e8e-4572-995f-e61782ec0330","datasetId":"3bca456b-a9d3-4fc0-b554-70c21cab464c","datatype":"string","isPartitioned":false,"isIdentifier":false,"isGroupBy":false,"isEncrypted":false,"order":59},{"id":"5507a806-73a2-4720-a85c-855b4c9fad53","name":"browser","processMappingId":"b20c776d-88aa-4f3f-8c22-0ff5d5ddd47a","datasetId":"3bca456b-a9d3-4fc0-b554-70c21cab464c","datatype":"string","isPartitioned":false,"isIdentifier":false,"isGroupBy":false,"isEncrypted":false,"order":60},{"id":"b14e2d8e-0e3b-4811-bf53-fc92962c13a4","name":"browsername","processMappingId":"b1aa15fa-89ef-4d8b-b8ea-f8f90100785e","datasetId":"3bca456b-a9d3-4fc0-b554-70c21cab464c","datatype":"string","isPartitioned":false,"isIdentifier":false,"isGroupBy":false,"isEncrypted":false,"order":61},{"id":"8a8c9f1d-1465-4cc2-8e85-d966006b7e09","name":"browsericon","processMappingId":"7c4a3334-e01c-4468-87d1-11b091c2f935","datasetId":"3bca456b-a9d3-4fc0-b554-70c21cab464c","datatype":"string","isPartitioned":false,"isIdentifier":false,"isGroupBy":false,"isEncrypted":false,"order":62},{"id":"d23924f8-7146-48e6-9af0-cabba1ec0bea","name":"browsercode","processMappingId":"227e69e9-20fb-4dbb-ada9-bca809938250","datasetId":"3bca456b-a9d3-4fc0-b554-70c21cab464c","datatype":"string","isPartitioned":false,"isIdentifier":false,"isGroupBy":false,"isEncrypted":false,"order":63},{"id":"7cfa736d-5444-4dba-84d4-16320d94b559","name":"browserversion","processMappingId":"86c8a1b9-a689-455e-ad09-c1f856578082","datasetId":"3bca456b-a9d3-4fc0-b554-70c21cab464c","datatype":"string","isPartitioned":false,"isIdentifier":false,"isGroupBy":false,"isEncrypted":false,"order":64},{"id":"d6772b0e-0860-4c4f-86a3-65973095a854","name":"totalecommercerevenue","processMappingId":"7a0e427b-231b-4329-862a-431b950e7aaf","datasetId":"3bca456b-a9d3-4fc0-b554-70c21cab464c","datatype":"bigint","isPartitioned":false,"isIdentifier":false,"isGroupBy":false,"isEncrypted":false,"order":65},{"id":"08c7c775-7f84-4084-8780-be9164af529a","name":"totalecommerceconversions","processMappingId":"33a6d59f-ddf0-4240-b1c1-e25138e469e2","datasetId":"3bca456b-a9d3-4fc0-b554-70c21cab464c","datatype":"bigint","isPartitioned":false,"isIdentifier":false,"isGroupBy":false,"isEncrypted":false,"order":66},{"id":"b123b6a2-6700-481a-be86-e179bf6d2b45","name":"totalecommerceitems","processMappingId":"933555e3-5b1b-4c0c-80f5-df1885c63805","datasetId":"3bca456b-a9d3-4fc0-b554-70c21cab464c","datatype":"bigint","isPartitioned":false,"isIdentifier":false,"isGroupBy":false,"isEncrypted":false,"order":67},{"id":"5f3c5347-3919-4ef7-9cc4-6b3018fbe258","name":"totalabandonedcartsrevenue","processMappingId":"f306850a-ddfd-470d-9169-93423f25c954","datasetId":"3bca456b-a9d3-4fc0-b554-70c21cab464c","datatype":"bigint","isPartitioned":false,"isIdentifier":false,"isGroupBy":false,"isEncrypted":false,"order":68},{"id":"9a2a8488-dd33-42e6-aad0-ebffb828e6ec","name":"totalabandonedcarts","processMappingId":"739334fa-862b-4cf2-9120-ebdc6913e6ab","datasetId":"3bca456b-a9d3-4fc0-b554-70c21cab464c","datatype":"bigint","isPartitioned":false,"isIdentifier":false,"isGroupBy":false,"isEncrypted":false,"order":69},{"id":"a03818e9-99a8-47af-874c-0b0df0776047","name":"totalabandonedcartsitems","processMappingId":"626a31a9-5c6c-4559-a953-45025ee48980","datasetId":"3bca456b-a9d3-4fc0-b554-70c21cab464c","datatype":"bigint","isPartitioned":false,"isIdentifier":false,"isGroupBy":false,"isEncrypted":false,"order":70},{"id":"05da8143-b053-4ebc-890d-4e23bd25df6e","name":"continent","processMappingId":"3b5993dd-a3c7-40c6-8fcf-404b04ed957a","datasetId":"3bca456b-a9d3-4fc0-b554-70c21cab464c","datatype":"string","isPartitioned":false,"isIdentifier":false,"isGroupBy":false,"isEncrypted":false,"order":72},{"id":"5f7a1b26-016c-4aca-a5d6-591eca8c6a10","name":"continentcode","processMappingId":"3dc9c8f7-81a8-4bd3-b018-5b46604d2874","datasetId":"3bca456b-a9d3-4fc0-b554-70c21cab464c","datatype":"string","isPartitioned":false,"isIdentifier":false,"isGroupBy":false,"isEncrypted":false,"order":73},{"id":"a466514c-4b9a-435e-add3-6f996afcd9e7","name":"country","processMappingId":"a71086cb-4ebe-4fd4-912b-413b181ca55f","datasetId":"3bca456b-a9d3-4fc0-b554-70c21cab464c","datatype":"string","isPartitioned":false,"isIdentifier":false,"isGroupBy":false,"isEncrypted":false,"order":74},{"id":"63b9d06f-ae32-40e7-aea0-2f760d196624","name":"countrycode","processMappingId":"8812ad7a-c5d5-481c-a22a-f62d744da96f","datasetId":"3bca456b-a9d3-4fc0-b554-70c21cab464c","datatype":"string","isPartitioned":false,"isIdentifier":false,"isGroupBy":false,"isEncrypted":false,"order":75},{"id":"1efce35a-aff8-49c4-abb9-9e1750b4edd1","name":"countryflag","processMappingId":"4a5f9086-170a-4bc4-8f23-babc79cd15a0","datasetId":"3bca456b-a9d3-4fc0-b554-70c21cab464c","datatype":"string","isPartitioned":false,"isIdentifier":false,"isGroupBy":false,"isEncrypted":false,"order":76},{"id":"58ef647c-329b-4827-89dd-0c5357ebd962","name":"region","processMappingId":"f6f673cb-1792-4e37-a79a-8e993ec6bc99","datasetId":"3bca456b-a9d3-4fc0-b554-70c21cab464c","datatype":"string","isPartitioned":false,"isIdentifier":false,"isGroupBy":false,"isEncrypted":false,"order":77},{"id":"1acc3cb4-0753-48c9-a256-19c787636734","name":"regioncode","processMappingId":"6997bcad-376c-4483-86e8-53df96272668","datasetId":"3bca456b-a9d3-4fc0-b554-70c21cab464c","datatype":"string","isPartitioned":false,"isIdentifier":false,"isGroupBy":false,"isEncrypted":false,"order":78},{"id":"b9cd48ad-6fd5-40ef-b3df-b0e30d1d49f1","name":"city","processMappingId":"0d41f2e0-3c60-4d96-8659-2b497744f44e","datasetId":"3bca456b-a9d3-4fc0-b554-70c21cab464c","datatype":"string","isPartitioned":false,"isIdentifier":false,"isGroupBy":false,"isEncrypted":false,"order":79},{"id":"7de3a245-2757-443f-9f3e-36be5b593a38","name":"location","processMappingId":"37075aae-106e-41b6-95c7-1f772cbdebbc","datasetId":"3bca456b-a9d3-4fc0-b554-70c21cab464c","datatype":"string","isPartitioned":false,"isIdentifier":false,"isGroupBy":false,"isEncrypted":false,"order":80},{"id":"3ed5f387-2b1d-4002-aa6a-afcd70303ce5","name":"latitude","processMappingId":"c9db040c-f04f-4a66-bcdf-7975c86b631b","datasetId":"3bca456b-a9d3-4fc0-b554-70c21cab464c","datatype":"string","isPartitioned":false,"isIdentifier":false,"isGroupBy":false,"isEncrypted":false,"order":81},{"id":"88ca0fc8-f909-4b66-afa4-93bd68fa7508","name":"longitude","processMappingId":"5961590f-3eac-4bcf-9889-0da80beb7338","datasetId":"3bca456b-a9d3-4fc0-b554-70c21cab464c","datatype":"string","isPartitioned":false,"isIdentifier":false,"isGroupBy":false,"isEncrypted":false,"order":82},{"id":"1175e79f-897e-4f19-89ea-cc34907d4a67","name":"visitlocaltime","processMappingId":"2b6c5ba3-3372-46e9-ae4a-c197c57a283e","datasetId":"3bca456b-a9d3-4fc0-b554-70c21cab464c","datatype":"string","isPartitioned":false,"isIdentifier":false,"isGroupBy":false,"isEncrypted":false,"order":83},{"id":"32578199-5a8e-4384-9b2b-0bcae5150164","name":"visitlocalhour","processMappingId":"1fd093eb-d7a0-45ca-8eb3-629c26452d4d","datasetId":"3bca456b-a9d3-4fc0-b554-70c21cab464c","datatype":"string","isPartitioned":false,"isIdentifier":false,"isGroupBy":false,"isEncrypted":false,"order":84},{"id":"d7b259f6-8b3c-4b92-8005-4fffc8753da1","name":"dayssincelastvisit","processMappingId":"ac65b773-2c62-435e-9c9c-c68f8ece2aa9","datasetId":"3bca456b-a9d3-4fc0-b554-70c21cab464c","datatype":"bigint","isPartitioned":false,"isIdentifier":false,"isGroupBy":false,"isEncrypted":false,"order":85},{"id":"43bf2b14-b524-443d-a84f-5634abc75e3d","name":"resolution","processMappingId":"b12a46f3-ed2f-4524-9ed4-776eeeb3ef8e","datasetId":"3bca456b-a9d3-4fc0-b554-70c21cab464c","datatype":"string","isPartitioned":false,"isIdentifier":false,"isGroupBy":false,"isEncrypted":false,"order":87},{"id":"c9bb07be-51de-4780-9d75-1b79f62b2c88","name":"plugins","processMappingId":"9fbfab22-c119-4add-8383-76803db9262c","datasetId":"3bca456b-a9d3-4fc0-b554-70c21cab464c","datatype":"string","isPartitioned":false,"isIdentifier":false,"isGroupBy":false,"isEncrypted":false,"order":88},{"id":"40904e8b-8109-487f-a698-e7aad84dab09","name":"dimension1","processMappingId":"5d8a11a1-104e-4914-ba03-86797de78a13","datasetId":"3bca456b-a9d3-4fc0-b554-70c21cab464c","datatype":"string","isPartitioned":false,"isIdentifier":false,"isGroupBy":false,"isEncrypted":false,"order":89},{"id":"81f71848-34a3-496e-9897-f6100c122f28","name":"adclickid","processMappingId":"4798ddba-2831-4ba0-9bb7-79fcda812cb5","datasetId":"3bca456b-a9d3-4fc0-b554-70c21cab464c","datatype":"string","isPartitioned":false,"isIdentifier":false,"isGroupBy":false,"isEncrypted":false,"order":90},{"id":"3b63cb65-ce9b-42f8-91a0-704c2a9dbec6","name":"adproviderid","processMappingId":"ab4ccb2a-9547-4230-806d-58bce8827c5e","datasetId":"3bca456b-a9d3-4fc0-b554-70c21cab464c","datatype":"string","isPartitioned":false,"isIdentifier":false,"isGroupBy":false,"isEncrypted":false,"order":91},{"id":"9188050b-c5b2-40a8-9236-6f76d887aac6","name":"adprovidername","processMappingId":"e7181d40-812e-4c7e-a6e1-dfe5f43f3434","datasetId":"3bca456b-a9d3-4fc0-b554-70c21cab464c","datatype":"string","isPartitioned":false,"isIdentifier":false,"isGroupBy":false,"isEncrypted":false,"order":92},{"id":"7f9f6924-e81a-4792-9d20-1ec725b86c2e","name":"customvariables","processMappingId":"b26d5e89-81d6-4541-951d-5742807bb3c9","datasetId":"3bca456b-a9d3-4fc0-b554-70c21cab464c","datatype":"string","isPartitioned":false,"isIdentifier":false,"isGroupBy":false,"isEncrypted":false,"order":93},{"id":"f22d922b-95f4-4155-979c-71258be8c8cd","name":"formconversions","processMappingId":"bbc9ef16-97d8-413d-89a5-2d569f5cf1a4","datasetId":"3bca456b-a9d3-4fc0-b554-70c21cab464c","datatype":"bigint","isPartitioned":false,"isIdentifier":false,"isGroupBy":false,"isEncrypted":false,"order":94},{"id":"0143f6d5-e4e7-4f98-bc49-4b22fcb4942a","name":"sessionreplayurl","processMappingId":"39a58810-0280-4e85-bd3c-6480a789340b","datasetId":"3bca456b-a9d3-4fc0-b554-70c21cab464c","datatype":"string","isPartitioned":false,"isIdentifier":false,"isGroupBy":false,"isEncrypted":false,"order":95},{"id":"90045d2b-d1ce-4abc-a3f9-511a99c9cadf","name":"campaignid","processMappingId":"4380acce-1a47-4c08-b7f4-3b76c28ef151","datasetId":"3bca456b-a9d3-4fc0-b554-70c21cab464c","datatype":"string","isPartitioned":false,"isIdentifier":false,"isGroupBy":false,"isEncrypted":false,"order":96},{"id":"dd52001a-d7bc-4e7e-9042-52d3258138b7","name":"campaigncontent","processMappingId":"3e142874-fb01-4d17-9bc7-47d6df903eaf","datasetId":"3bca456b-a9d3-4fc0-b554-70c21cab464c","datatype":"string","isPartitioned":false,"isIdentifier":false,"isGroupBy":false,"isEncrypted":false,"order":97},{"id":"3bd55aea-47dd-4ee2-9646-1b564b834442","name":"campaignkeyword","processMappingId":"45a3e751-2773-47ec-a763-0bfe7b148e37","datasetId":"3bca456b-a9d3-4fc0-b554-70c21cab464c","datatype":"string","isPartitioned":false,"isIdentifier":false,"isGroupBy":false,"isEncrypted":false,"order":98},{"id":"dd974acb-cabb-43ba-b286-a29af77a64b4","name":"campaignmedium","processMappingId":"43bc4f1f-8ab2-4781-93fb-0c233c701d62","datasetId":"3bca456b-a9d3-4fc0-b554-70c21cab464c","datatype":"string","isPartitioned":false,"isIdentifier":false,"isGroupBy":false,"isEncrypted":false,"order":99},{"id":"5964908f-7243-4a3c-bead-b7c1070c7a06","name":"campaignname","processMappingId":"f6429574-527b-40a6-8fc6-438b5f0e1ff9","datasetId":"3bca456b-a9d3-4fc0-b554-70c21cab464c","datatype":"string","isPartitioned":false,"isIdentifier":false,"isGroupBy":false,"isEncrypted":false,"order":100},{"id":"4b945995-b62a-44c8-86fa-3cc86113855d","name":"campaignsource","processMappingId":"d55f65ed-39a3-4b3f-af2e-1b0f38f9483e","datasetId":"3bca456b-a9d3-4fc0-b554-70c21cab464c","datatype":"string","isPartitioned":false,"isIdentifier":false,"isGroupBy":false,"isEncrypted":false,"order":101},{"id":"0eb44cec-d615-4063-bfa3-c1c3b8562031","name":"campaigngroup","processMappingId":"54ca785d-b2e5-44c3-ad6f-e8b552dbeead","datasetId":"3bca456b-a9d3-4fc0-b554-70c21cab464c","datatype":"string","isPartitioned":false,"isIdentifier":false,"isGroupBy":false,"isEncrypted":false,"order":102},{"id":"8e2b0124-9a03-4402-808e-ecb865063fed","name":"campaignplacement","processMappingId":"12403b20-2a36-4f6b-872b-1c90d3412ebd","datasetId":"3bca456b-a9d3-4fc0-b554-70c21cab464c","datatype":"string","isPartitioned":false,"isIdentifier":false,"isGroupBy":false,"isEncrypted":false,"order":103},{"id":"2fd7a5e5-2e6f-4d46-9056-e08a24afeccc","name":"idsite","processMappingId":"4c331056-4936-4838-b5a2-c62203acd002","datasetId":"3bca456b-a9d3-4fc0-b554-70c21cab464c","datatype":"bigint","isPartitioned":false,"isIdentifier":false,"isGroupBy":false,"isEncrypted":false,"order":1},{"id":"a8dbbeec-01d9-4afb-bd02-3c2305f2f428","name":"idvisit","processMappingId":"4c9359e8-42a2-405e-bed0-0337c88a4121","datasetId":"3bca456b-a9d3-4fc0-b554-70c21cab464c","datatype":"bigint","isPartitioned":false,"isIdentifier":false,"isGroupBy":false,"isEncrypted":false,"order":2},{"id":"3d1b967e-0ff1-41d5-a95b-ec94769355a5","name":"visitconverted","processMappingId":"526b2010-953f-48e7-85c7-210bf70ea5c3","datasetId":"3bca456b-a9d3-4fc0-b554-70c21cab464c","datatype":"bigint","isPartitioned":false,"isIdentifier":false,"isGroupBy":false,"isEncrypted":false,"order":23},{"id":"7d68d69d-48e0-4f67-bf6b-76c3822094d8","name":"visitcount","processMappingId":"b3966f22-493c-44ae-af96-cb445a073158","datasetId":"3bca456b-a9d3-4fc0-b554-70c21cab464c","datatype":"bigint","isPartitioned":false,"isIdentifier":false,"isGroupBy":false,"isEncrypted":false,"order":25},{"id":"33bd3fd4-ac6c-4e9f-ba2b-3154be8ed7d1","name":"secondssincefirstvisit","processMappingId":"acdaab13-b9e6-4f18-8cd0-97f3efa7f4a7","datasetId":"3bca456b-a9d3-4fc0-b554-70c21cab464c","datatype":"bigint","isPartitioned":false,"isIdentifier":false,"isGroupBy":false,"isEncrypted":false,"order":29},{"id":"a9111df4-c82c-47b7-a426-8fd08e27b6f6","name":"secondssincelastecommerceorder","processMappingId":"77ebab65-8cbc-41fb-8703-a5ccb622ad20","datasetId":"3bca456b-a9d3-4fc0-b554-70c21cab464c","datatype":"bigint","isPartitioned":false,"isIdentifier":false,"isGroupBy":false,"isEncrypted":false,"order":31},{"id":"224d8021-b9e1-4b08-a0d1-0606dc39b5f2","name":"visitduration","processMappingId":"a4c64b9a-0038-4da4-8623-5aa5a78979ab","datasetId":"3bca456b-a9d3-4fc0-b554-70c21cab464c","datatype":"bigint","isPartitioned":false,"isIdentifier":false,"isGroupBy":false,"isEncrypted":false,"order":32},{"id":"48f46510-21cd-4b8d-b987-2a3263375ba2","name":"searches","processMappingId":"eac01269-4aa5-4ad5-a22f-8ccc8330df69","datasetId":"3bca456b-a9d3-4fc0-b554-70c21cab464c","datatype":"bigint","isPartitioned":false,"isIdentifier":false,"isGroupBy":false,"isEncrypted":false,"order":34},{"id":"57160532-5088-453d-940b-94122f10f357","name":"actions","processMappingId":"e6f5d80a-29e9-4a55-8538-42460fa67b26","datasetId":"3bca456b-a9d3-4fc0-b554-70c21cab464c","datatype":"bigint","isPartitioned":false,"isIdentifier":false,"isGroupBy":false,"isEncrypted":false,"order":35},{"id":"60227486-752e-409c-b25a-d4a0627f6240","name":"interactions","processMappingId":"61a279b1-979f-4c51-b30e-23fec2ec69b8","datasetId":"3bca456b-a9d3-4fc0-b554-70c21cab464c","datatype":"bigint","isPartitioned":false,"isIdentifier":false,"isGroupBy":false,"isEncrypted":false,"order":36},{"id":"fd51d589-0814-4c9f-83e2-52bd6fc9bedd","name":"events","processMappingId":"adeab6c0-08b7-4c1f-9cbe-25d335bb4cbe","datasetId":"3bca456b-a9d3-4fc0-b554-70c21cab464c","datatype":"bigint","isPartitioned":false,"isIdentifier":false,"isGroupBy":false,"isEncrypted":false,"order":71},{"id":"a48382de-20a2-4c84-91f1-a6508b3bfb1d","name":"secondssincelastvisit","processMappingId":"120c2bfd-e870-493d-84d0-d02c057385b8","datasetId":"3bca456b-a9d3-4fc0-b554-70c21cab464c","datatype":"bigint","isPartitioned":false,"isIdentifier":false,"isGroupBy":false,"isEncrypted":false,"order":86},{"id":"e9398125-9928-4c69-870c-a3e92b64393d","name":"actiondetails_contentInteraction","processMappingId":null,"datasetId":"3bca456b-a9d3-4fc0-b554-70c21cab464c","datatype":"string","isPartitioned":false,"isIdentifier":false,"isGroupBy":false,"isEncrypted":false,"order":105},{"id":"16702757-d804-4c69-87c9-eef18e85306a","name":"actiondetails_contentName","processMappingId":null,"datasetId":"3bca456b-a9d3-4fc0-b554-70c21cab464c","datatype":"string","isPartitioned":false,"isIdentifier":false,"isGroupBy":false,"isEncrypted":false,"order":106},{"id":"1aefc626-f27e-4336-90c5-a19cd1d16c89","name":"actiondetails_contentPiece","processMappingId":null,"datasetId":"3bca456b-a9d3-4fc0-b554-70c21cab464c","datatype":"string","isPartitioned":false,"isIdentifier":false,"isGroupBy":false,"isEncrypted":false,"order":107},{"id":"b17db862-fd66-4455-b3fb-b268e8ccd4bc","name":"actiondetails_contentTarget","processMappingId":null,"datasetId":"3bca456b-a9d3-4fc0-b554-70c21cab464c","datatype":"string","isPartitioned":false,"isIdentifier":false,"isGroupBy":false,"isEncrypted":false,"order":108},{"id":"ed6f520e-0d02-4299-9b4a-e3e45b55af99","name":"actiondetails_converted","processMappingId":null,"datasetId":"3bca456b-a9d3-4fc0-b554-70c21cab464c","datatype":"bigint","isPartitioned":false,"isIdentifier":false,"isGroupBy":false,"isEncrypted":false,"order":109},{"id":"5abc0cb5-b2c5-44c2-b6e7-c4b7fc6a06de","name":"actiondetails_dimension2","processMappingId":null,"datasetId":"3bca456b-a9d3-4fc0-b554-70c21cab464c","datatype":"string","isPartitioned":false,"isIdentifier":false,"isGroupBy":false,"isEncrypted":false,"order":117},{"id":"508e87e2-0432-4f97-89ee-39e37bc79387","name":"actiondetails_dimension4","processMappingId":null,"datasetId":"3bca456b-a9d3-4fc0-b554-70c21cab464c","datatype":"string","isPartitioned":false,"isIdentifier":false,"isGroupBy":false,"isEncrypted":false,"order":118},{"id":"bed62dbe-46ca-45eb-b100-b1a6352a1c76","name":"actiondetails_dimension5","processMappingId":null,"datasetId":"3bca456b-a9d3-4fc0-b554-70c21cab464c","datatype":"string","isPartitioned":false,"isIdentifier":false,"isGroupBy":false,"isEncrypted":false,"order":119},{"id":"62dc1d69-fff8-49fe-8066-97ae0ed40ea3","name":"actiondetails_eventAction","processMappingId":null,"datasetId":"3bca456b-a9d3-4fc0-b554-70c21cab464c","datatype":"string","isPartitioned":false,"isIdentifier":false,"isGroupBy":false,"isEncrypted":false,"order":120},{"id":"c028f666-1662-4802-9de4-4261e366a216","name":"actiondetails_eventCategory","processMappingId":null,"datasetId":"3bca456b-a9d3-4fc0-b554-70c21cab464c","datatype":"string","isPartitioned":false,"isIdentifier":false,"isGroupBy":false,"isEncrypted":false,"order":121},{"id":"bb797199-dc18-430c-881e-b6ab6f52ced8","name":"actiondetails_eventName","processMappingId":null,"datasetId":"3bca456b-a9d3-4fc0-b554-70c21cab464c","datatype":"string","isPartitioned":false,"isIdentifier":false,"isGroupBy":false,"isEncrypted":false,"order":122},{"id":"d23346fa-e1f1-4bed-a79f-b2556c536921","name":"actiondetails_eventValue","processMappingId":null,"datasetId":"3bca456b-a9d3-4fc0-b554-70c21cab464c","datatype":"bigint","isPartitioned":false,"isIdentifier":false,"isGroupBy":false,"isEncrypted":false,"order":123},{"id":"a50cb803-3581-417e-815c-b4095bc746a7","name":"actiondetails_formId","processMappingId":null,"datasetId":"3bca456b-a9d3-4fc0-b554-70c21cab464c","datatype":"bigint","isPartitioned":false,"isIdentifier":false,"isGroupBy":false,"isEncrypted":false,"order":124},{"id":"a55d5cf7-2f09-4259-ab75-da21df56c8e4","name":"actiondetails_formName","processMappingId":null,"datasetId":"3bca456b-a9d3-4fc0-b554-70c21cab464c","datatype":"string","isPartitioned":false,"isIdentifier":false,"isGroupBy":false,"isEncrypted":false,"order":125},{"id":"a9f96ac9-041d-414f-ad54-a638a87901ce","name":"actiondetails_formStatus","processMappingId":null,"datasetId":"3bca456b-a9d3-4fc0-b554-70c21cab464c","datatype":"string","isPartitioned":false,"isIdentifier":false,"isGroupBy":false,"isEncrypted":false,"order":126},{"id":"ebdc6d1a-52d1-43a7-bbd9-67b377717d36","name":"actiondetails_fullscreen","processMappingId":null,"datasetId":"3bca456b-a9d3-4fc0-b554-70c21cab464c","datatype":"bigint","isPartitioned":false,"isIdentifier":false,"isGroupBy":false,"isEncrypted":false,"order":127},{"id":"325628ae-6067-4a71-9db4-195cd239898d","name":"actiondetails_goalId","processMappingId":null,"datasetId":"3bca456b-a9d3-4fc0-b554-70c21cab464c","datatype":"bigint","isPartitioned":false,"isIdentifier":false,"isGroupBy":false,"isEncrypted":false,"order":128},{"id":"a229b3bc-4697-40fa-b306-db47b95f0282","name":"actiondetails_goalName","processMappingId":null,"datasetId":"3bca456b-a9d3-4fc0-b554-70c21cab464c","datatype":"string","isPartitioned":false,"isIdentifier":false,"isGroupBy":false,"isEncrypted":false,"order":129},{"id":"20f96421-f278-4ee2-8bbe-d3b5727a400a","name":"actiondetails_goalPageId","processMappingId":null,"datasetId":"3bca456b-a9d3-4fc0-b554-70c21cab464c","datatype":"bigint","isPartitioned":false,"isIdentifier":false,"isGroupBy":false,"isEncrypted":false,"order":130},{"id":"0c204a3b-60f7-44d8-9a0b-07f7cb1bcc13","name":"actiondetails_icon","processMappingId":null,"datasetId":"3bca456b-a9d3-4fc0-b554-70c21cab464c","datatype":"string","isPartitioned":false,"isIdentifier":false,"isGroupBy":false,"isEncrypted":false,"order":131},{"id":"549acb11-4357-4d78-a00e-1ff8cefba28a","name":"actiondetails_iconSVG","processMappingId":null,"datasetId":"3bca456b-a9d3-4fc0-b554-70c21cab464c","datatype":"string","isPartitioned":false,"isIdentifier":false,"isGroupBy":false,"isEncrypted":false,"order":132},{"id":"9961a012-6bed-4473-bef2-3387f2bbcede","name":"actiondetails_idpageview","processMappingId":null,"datasetId":"3bca456b-a9d3-4fc0-b554-70c21cab464c","datatype":"string","isPartitioned":false,"isIdentifier":false,"isGroupBy":false,"isEncrypted":false,"order":133},{"id":"7dbaa614-1de6-4419-91e5-6586ea904836","name":"actiondetails_idsite","processMappingId":null,"datasetId":"3bca456b-a9d3-4fc0-b554-70c21cab464c","datatype":"bigint","isPartitioned":false,"isIdentifier":false,"isGroupBy":false,"isEncrypted":false,"order":134},{"id":"b7fdf5ca-60dd-419b-a0d3-90fc396095d0","name":"actiondetails_items","processMappingId":null,"datasetId":"3bca456b-a9d3-4fc0-b554-70c21cab464c","datatype":"bigint","isPartitioned":false,"isIdentifier":false,"isGroupBy":false,"isEncrypted":false,"order":135},{"id":"d85809ac-75c8-4bc2-a5c4-98c52a3157ca","name":"actiondetails_leftBlank","processMappingId":null,"datasetId":"3bca456b-a9d3-4fc0-b554-70c21cab464c","datatype":"bigint","isPartitioned":false,"isIdentifier":false,"isGroupBy":false,"isEncrypted":false,"order":136},{"id":"7632cc04-99e0-4272-bfbc-f928ceacef52","name":"actiondetails_media_length","processMappingId":null,"datasetId":"3bca456b-a9d3-4fc0-b554-70c21cab464c","datatype":"bigint","isPartitioned":false,"isIdentifier":false,"isGroupBy":false,"isEncrypted":false,"order":137},{"id":"47f4fbce-25bc-4047-bf9d-178cfb7c081f","name":"actiondetails_media_progress","processMappingId":null,"datasetId":"3bca456b-a9d3-4fc0-b554-70c21cab464c","datatype":"bigint","isPartitioned":false,"isIdentifier":false,"isGroupBy":false,"isEncrypted":false,"order":138},{"id":"5f3eee68-740b-47bf-bfeb-cb62896ea8ec","name":"actiondetails_media_title","processMappingId":null,"datasetId":"3bca456b-a9d3-4fc0-b554-70c21cab464c","datatype":"string","isPartitioned":false,"isIdentifier":false,"isGroupBy":false,"isEncrypted":false,"order":139},{"id":"87b258c0-c210-4662-8846-833b32ac280e","name":"actiondetails_media_type","processMappingId":null,"datasetId":"3bca456b-a9d3-4fc0-b554-70c21cab464c","datatype":"string","isPartitioned":false,"isIdentifier":false,"isGroupBy":false,"isEncrypted":false,"order":140},{"id":"6da1acec-8171-4b86-b885-059b544b2a0f","name":"actiondetails_orderId","processMappingId":null,"datasetId":"3bca456b-a9d3-4fc0-b554-70c21cab464c","datatype":"string","isPartitioned":false,"isIdentifier":false,"isGroupBy":false,"isEncrypted":false,"order":142},{"id":"d13edaf1-1625-4faf-92ef-bc67f47029ff","name":"actiondetails_pageId","processMappingId":null,"datasetId":"3bca456b-a9d3-4fc0-b554-70c21cab464c","datatype":"bigint","isPartitioned":false,"isIdentifier":false,"isGroupBy":false,"isEncrypted":false,"order":143},{"id":"42d15efb-8f76-4822-b452-3fb297f00a3b","name":"actiondetails_pageIdAction","processMappingId":null,"datasetId":"3bca456b-a9d3-4fc0-b554-70c21cab464c","datatype":"bigint","isPartitioned":false,"isIdentifier":false,"isGroupBy":false,"isEncrypted":false,"order":144},{"id":"ea174222-ab2b-4626-838f-c3d5a6f09d65","name":"actiondetails_pageTitle","processMappingId":null,"datasetId":"3bca456b-a9d3-4fc0-b554-70c21cab464c","datatype":"string","isPartitioned":false,"isIdentifier":false,"isGroupBy":false,"isEncrypted":false,"order":145},{"id":"ec930510-1e41-48a7-af69-0ffe25db25d6","name":"actiondetails_pageviewPosition","processMappingId":null,"datasetId":"3bca456b-a9d3-4fc0-b554-70c21cab464c","datatype":"bigint","isPartitioned":false,"isIdentifier":false,"isGroupBy":false,"isEncrypted":false,"order":146},{"id":"23ca9118-da32-45e1-8f8c-c9f4bbfaa369","name":"actiondetails_player_name","processMappingId":null,"datasetId":"3bca456b-a9d3-4fc0-b554-70c21cab464c","datatype":"string","isPartitioned":false,"isIdentifier":false,"isGroupBy":false,"isEncrypted":false,"order":147},{"id":"785675fa-4cd3-4e9f-a9b6-9e39098171e5","name":"actiondetails_referrerKeyword","processMappingId":null,"datasetId":"3bca456b-a9d3-4fc0-b554-70c21cab464c","datatype":"string","isPartitioned":false,"isIdentifier":false,"isGroupBy":false,"isEncrypted":false,"order":148},{"id":"d0289af7-ff85-4dda-9367-ca6de68aa306","name":"actiondetails_referrerName","processMappingId":null,"datasetId":"3bca456b-a9d3-4fc0-b554-70c21cab464c","datatype":"string","isPartitioned":false,"isIdentifier":false,"isGroupBy":false,"isEncrypted":false,"order":149},{"id":"e68139ec-d351-4265-8abd-16c88a77c5b7","name":"actiondetails_referrerType","processMappingId":null,"datasetId":"3bca456b-a9d3-4fc0-b554-70c21cab464c","datatype":"string","isPartitioned":false,"isIdentifier":false,"isGroupBy":false,"isEncrypted":false,"order":150},{"id":"8c80c1fa-8ef2-40c1-9800-a74b4e8eef94","name":"actiondetails_resolution","processMappingId":null,"datasetId":"3bca456b-a9d3-4fc0-b554-70c21cab464c","datatype":"string","isPartitioned":false,"isIdentifier":false,"isGroupBy":false,"isEncrypted":false,"order":151},{"id":"b70d3aeb-3879-4e30-8c05-f4bd0e25cecb","name":"actiondetails_revenue","processMappingId":null,"datasetId":"3bca456b-a9d3-4fc0-b554-70c21cab464c","datatype":"double","isPartitioned":false,"isIdentifier":false,"isGroupBy":false,"isEncrypted":false,"order":155},{"id":"bdfbccd1-be4c-489b-800e-18689d602bde","name":"actiondetails_revenueDiscount","processMappingId":null,"datasetId":"3bca456b-a9d3-4fc0-b554-70c21cab464c","datatype":"double","isPartitioned":false,"isIdentifier":false,"isGroupBy":false,"isEncrypted":false,"order":156},{"id":"b08877f2-a5d7-437c-9ff4-4e6d25657564","name":"actiondetails_revenueShipping","processMappingId":null,"datasetId":"3bca456b-a9d3-4fc0-b554-70c21cab464c","datatype":"bigint","isPartitioned":false,"isIdentifier":false,"isGroupBy":false,"isEncrypted":false,"order":157},{"id":"7f33e17c-f4ec-43eb-9b5e-86a15b1db279","name":"actiondetails_revenueSubTotal","processMappingId":null,"datasetId":"3bca456b-a9d3-4fc0-b554-70c21cab464c","datatype":"double","isPartitioned":false,"isIdentifier":false,"isGroupBy":false,"isEncrypted":false,"order":158},{"id":"4602030e-539a-4d34-930d-e220ff5f061a","name":"actiondetails_revenueTax","processMappingId":null,"datasetId":"3bca456b-a9d3-4fc0-b554-70c21cab464c","datatype":"double","isPartitioned":false,"isIdentifier":false,"isGroupBy":false,"isEncrypted":false,"order":159},{"id":"b0590637-6d88-4101-b1a1-18c820b020e9","name":"actiondetails_serverTimePretty","processMappingId":null,"datasetId":"3bca456b-a9d3-4fc0-b554-70c21cab464c","datatype":"string","isPartitioned":false,"isIdentifier":false,"isGroupBy":false,"isEncrypted":false,"order":160},{"id":"1088930e-6ec8-4b8d-8be9-4bfef3e8c171","name":"actiondetails_siteSearchCategory","processMappingId":null,"datasetId":"3bca456b-a9d3-4fc0-b554-70c21cab464c","datatype":"string","isPartitioned":false,"isIdentifier":false,"isGroupBy":false,"isEncrypted":false,"order":161},{"id":"2822eb3c-cf2c-45c8-bae2-9c733597bbaa","name":"actiondetails_siteSearchCount","processMappingId":null,"datasetId":"3bca456b-a9d3-4fc0-b554-70c21cab464c","datatype":"bigint","isPartitioned":false,"isIdentifier":false,"isGroupBy":false,"isEncrypted":false,"order":162},{"id":"2b3d4206-bcfb-4bdd-a2ef-f57966655391","name":"actiondetails_siteSearchKeyword","processMappingId":null,"datasetId":"3bca456b-a9d3-4fc0-b554-70c21cab464c","datatype":"string","isPartitioned":false,"isIdentifier":false,"isGroupBy":false,"isEncrypted":false,"order":163},{"id":"fef71273-f149-4754-9553-57b78a86b949","name":"actiondetails_submitted","processMappingId":null,"datasetId":"3bca456b-a9d3-4fc0-b554-70c21cab464c","datatype":"bigint","isPartitioned":false,"isIdentifier":false,"isGroupBy":false,"isEncrypted":false,"order":165},{"id":"49ee0709-4acd-4978-9e29-9abb75c064eb","name":"actiondetails_subtitle","processMappingId":null,"datasetId":"3bca456b-a9d3-4fc0-b554-70c21cab464c","datatype":"string","isPartitioned":false,"isIdentifier":false,"isGroupBy":false,"isEncrypted":false,"order":166},{"id":"131cd3ad-5dc0-44a9-841a-b2cc67d87a59","name":"actiondetails_timeHesitation","processMappingId":null,"datasetId":"3bca456b-a9d3-4fc0-b554-70c21cab464c","datatype":"bigint","isPartitioned":false,"isIdentifier":false,"isGroupBy":false,"isEncrypted":false,"order":167},{"id":"ae5974de-afe7-4525-90fd-fe09fe9ed294","name":"actiondetails_timeSpent","processMappingId":null,"datasetId":"3bca456b-a9d3-4fc0-b554-70c21cab464c","datatype":"bigint","isPartitioned":false,"isIdentifier":false,"isGroupBy":false,"isEncrypted":false,"order":168},{"id":"c3902e63-b0b0-4970-be8d-a4c0179e863e","name":"actiondetails_timeSpentPretty","processMappingId":null,"datasetId":"3bca456b-a9d3-4fc0-b554-70c21cab464c","datatype":"string","isPartitioned":false,"isIdentifier":false,"isGroupBy":false,"isEncrypted":false,"order":169},{"id":"c06fcd60-069f-4cdc-b70d-7b8417ff9b8c","name":"actiondetails_timeToFirstSubmission","processMappingId":null,"datasetId":"3bca456b-a9d3-4fc0-b554-70c21cab464c","datatype":"bigint","isPartitioned":false,"isIdentifier":false,"isGroupBy":false,"isEncrypted":false,"order":170},{"id":"b0ef5aa5-60be-48fb-a0cb-c3b1e6748e41","name":"actiondetails_time_to_initial_play","processMappingId":null,"datasetId":"3bca456b-a9d3-4fc0-b554-70c21cab464c","datatype":"bigint","isPartitioned":false,"isIdentifier":false,"isGroupBy":false,"isEncrypted":false,"order":171},{"id":"616cf9b1-f9e2-461a-87f6-220cda05a794","name":"actiondetails_timestamp","processMappingId":null,"datasetId":"3bca456b-a9d3-4fc0-b554-70c21cab464c","datatype":"bigint","isPartitioned":false,"isIdentifier":false,"isGroupBy":false,"isEncrypted":false,"order":172},{"id":"87b519d8-0357-482b-800c-e483df7c5d52","name":"actiondetails_title","processMappingId":null,"datasetId":"3bca456b-a9d3-4fc0-b554-70c21cab464c","datatype":"string","isPartitioned":false,"isIdentifier":false,"isGroupBy":false,"isEncrypted":false,"order":173},{"id":"8e1d5bdb-a206-4160-9aae-11548a50af89","name":"actiondetails_type","processMappingId":null,"datasetId":"3bca456b-a9d3-4fc0-b554-70c21cab464c","datatype":"string","isPartitioned":false,"isIdentifier":false,"isGroupBy":false,"isEncrypted":false,"order":174},{"id":"67411360-aab0-41ca-bec8-e79e8acaa004","name":"actiondetails_url","processMappingId":null,"datasetId":"3bca456b-a9d3-4fc0-b554-70c21cab464c","datatype":"string","isPartitioned":false,"isIdentifier":false,"isGroupBy":false,"isEncrypted":false,"order":175},{"id":"c326bc77-fbe1-4e8d-948e-dea193fa6600","name":"actiondetails_watched_time","processMappingId":null,"datasetId":"3bca456b-a9d3-4fc0-b554-70c21cab464c","datatype":"bigint","isPartitioned":false,"isIdentifier":false,"isGroupBy":false,"isEncrypted":false,"order":176},{"id":"916371b4-b05f-4dea-83f2-709f8821439d","name":"pluginsicons","processMappingId":"1b686ef5-9f2e-4668-a26d-e6fd17e1c0be","datasetId":"3bca456b-a9d3-4fc0-b554-70c21cab464c","datatype":"string","isPartitioned":false,"isIdentifier":false,"isGroupBy":false,"isEncrypted":false,"order":177},{"id":"08a86ee0-dee5-484f-b80f-988ba5ae9fe3","name":"experiments","processMappingId":"82e44872-1e81-4d9c-9e8b-ed892f974487","datasetId":"3bca456b-a9d3-4fc0-b554-70c21cab464c","datatype":"string","isPartitioned":false,"isIdentifier":false,"isGroupBy":false,"isEncrypted":false,"order":178},{"id":"1330eacc-4b6b-4d60-8d40-fd65c0fd37ad","name":"actiondetails_customVariables","processMappingId":null,"datasetId":"3bca456b-a9d3-4fc0-b554-70c21cab464c","datatype":"string","isPartitioned":false,"isIdentifier":false,"isGroupBy":false,"isEncrypted":false,"order":179},{"id":"363c262f-3f34-4a4c-934c-c40262f56fe7","name":"actiondetails_fields","processMappingId":null,"datasetId":"3bca456b-a9d3-4fc0-b554-70c21cab464c","datatype":"string","isPartitioned":false,"isIdentifier":false,"isGroupBy":false,"isEncrypted":false,"order":180},{"id":"2ccb5be9-b905-47a7-b971-027416d0af37","name":"actiondetails_itemDetails","processMappingId":null,"datasetId":"3bca456b-a9d3-4fc0-b554-70c21cab464c","datatype":"string","isPartitioned":false,"isIdentifier":false,"isGroupBy":false,"isEncrypted":false,"order":181},{"id":"56be27fd-4043-4d7f-ba4d-ad766b7427b2","name":"file_date","processMappingId":"4393de70-2ea2-48e6-af16-dab17ecdd0ce","datasetId":"3bca456b-a9d3-4fc0-b554-70c21cab464c","datatype":"date","isPartitioned":true,"isIdentifier":false,"isGroupBy":false,"isEncrypted":false,"order":182},{"id":"4b203b2c-b823-4325-a68a-ad6d787885f8","name":"actiondetails_category","processMappingId":null,"datasetId":"3bca456b-a9d3-4fc0-b554-70c21cab464c","datatype":"string","isPartitioned":false,"isIdentifier":false,"isGroupBy":false,"isEncrypted":false,"order":104},{"id":"8245a37a-7b01-46e5-ad78-cb24c6004a6b","name":"actiondetails_crashEventId","processMappingId":null,"datasetId":"3bca456b-a9d3-4fc0-b554-70c21cab464c","datatype":"bigint","isPartitioned":false,"isIdentifier":false,"isGroupBy":false,"isEncrypted":false,"order":110},{"id":"254164be-dd26-48a1-ad83-520a39977505","name":"actiondetails_crashId","processMappingId":null,"datasetId":"3bca456b-a9d3-4fc0-b554-70c21cab464c","datatype":"bigint","isPartitioned":false,"isIdentifier":false,"isGroupBy":false,"isEncrypted":false,"order":111},{"id":"4a2e1901-12c6-43e5-8de9-959452d7ae5c","name":"actiondetails_crashType","processMappingId":null,"datasetId":"3bca456b-a9d3-4fc0-b554-70c21cab464c","datatype":"string","isPartitioned":false,"isIdentifier":false,"isGroupBy":false,"isEncrypted":false,"order":112},{"id":"a5fc02d3-cf88-4e7a-a7a9-64650207bdb3","name":"actiondetails_datetimeIgnoredError","processMappingId":null,"datasetId":"3bca456b-a9d3-4fc0-b554-70c21cab464c","datatype":"string","isPartitioned":false,"isIdentifier":false,"isGroupBy":false,"isEncrypted":false,"order":113},{"id":"46995d45-9dc2-48c8-b4ee-0ac73edd2c21","name":"actiondetails_datetimeLastReappeared","processMappingId":null,"datasetId":"3bca456b-a9d3-4fc0-b554-70c21cab464c","datatype":"string","isPartitioned":false,"isIdentifier":false,"isGroupBy":false,"isEncrypted":false,"order":114},{"id":"548f5b96-27bf-406f-afcd-b80b8f54182c","name":"actiondetails_datetimeLastSeen","processMappingId":null,"datasetId":"3bca456b-a9d3-4fc0-b554-70c21cab464c","datatype":"string","isPartitioned":false,"isIdentifier":false,"isGroupBy":false,"isEncrypted":false,"order":115},{"id":"2a717209-a837-433e-a1f2-b3accaa993fb","name":"actiondetails_datetimeOccurredFirst","processMappingId":null,"datasetId":"3bca456b-a9d3-4fc0-b554-70c21cab464c","datatype":"string","isPartitioned":false,"isIdentifier":false,"isGroupBy":false,"isEncrypted":false,"order":116},{"id":"e335ff96-452f-432f-b2c0-7d135890d292","name":"actiondetails_message","processMappingId":null,"datasetId":"3bca456b-a9d3-4fc0-b554-70c21cab464c","datatype":"string","isPartitioned":false,"isIdentifier":false,"isGroupBy":false,"isEncrypted":false,"order":141},{"id":"af6a8358-c8cc-4b84-9dd6-929d348724f5","name":"actiondetails_resourceColumn","processMappingId":null,"datasetId":"3bca456b-a9d3-4fc0-b554-70c21cab464c","datatype":"bigint","isPartitioned":false,"isIdentifier":false,"isGroupBy":false,"isEncrypted":false,"order":152},{"id":"b240b3ea-53c1-4057-8b15-a38dc3ccdd35","name":"actiondetails_resourceLine","processMappingId":null,"datasetId":"3bca456b-a9d3-4fc0-b554-70c21cab464c","datatype":"bigint","isPartitioned":false,"isIdentifier":false,"isGroupBy":false,"isEncrypted":false,"order":153},{"id":"7dac94f7-ec57-488e-92aa-8671c29705d5","name":"actiondetails_resourceUri","processMappingId":null,"datasetId":"3bca456b-a9d3-4fc0-b554-70c21cab464c","datatype":"string","isPartitioned":false,"isIdentifier":false,"isGroupBy":false,"isEncrypted":false,"order":154},{"id":"5b96a0a9-699d-41ad-b455-1be5caff2d19","name":"actiondetails_stackTrace","processMappingId":null,"datasetId":"3bca456b-a9d3-4fc0-b554-70c21cab464c","datatype":"string","isPartitioned":false,"isIdentifier":false,"isGroupBy":false,"isEncrypted":false,"order":164}],"dataWarehouses":[{"id":"2a4e342c-691b-4d6b-8745-2dd3e10f419b","datasetId":"3bca456b-a9d3-4fc0-b554-70c21cab464c","warehouseType":"SYNTASA_EVENT_STORE","dataset_id":"3bca456b-a9d3-4fc0-b554-70c21cab464c"}],"objectTypeKey":"TABLE","appNodeId":"062826b2-0b44-4216-8083-494ea5443b8b","eventStore":{"id":"e5192172-2334-4abf-85ec-76ac290c6aff","name":"Brian_v7_Event_Store_2","type":"EVENTSTORE","key":"Brian_v7_Event_Store_2","developmentPath":"s3://syntasa-qa-kube/syn-cluster-data/eventstores/dev/brian_v700_dev","productionPath":"s3://syntasa-qa-kube/syn-cluster-data/eventstores/prod/brian_v700_prod","snapshotPath":"s3://syntasa-qa-kube/syn-cluster-data/eventstores/snap/brian_v700_snap","snapshotDatabase":"brian_v700_snap","developmentDatabase":"brian_v700_dev","productionDatabase":"brian_v700_prod","developmentParameters":null,"productionParameters":null,"snapshotParameters":null,"parameters":null,"sharing":{"shareType":"PUBLIC"},"ownerId":"e818ce9b-a8b5-4a4a-bb11-5579587878f6","createdById":"e818ce9b-a8b5-4a4a-bb11-5579587878f6","modifiedById":"e818ce9b-a8b5-4a4a-bb11-5579587878f6","createdAt":"2022-09-30T18:15:33.006Z","updatedAt":"2022-09-30T18:15:33.006Z"}}]