{"lastUserSave":"2023-09-29T14:53:52.000Z","id":"fb01e07e-fd08-4516-8a83-3fb1b694a579","name":"Development","description":null,"appId":"3ba3d052-6e83-44f1-a4f7-d2bae6cf7155","canvasGraph":{"nodes":[{"id":"acc0b1a3-93ac-4b7e-a788-64a3f63995fd","nodeType":"objectType","label":"matomo_api","objectCategoryKey":"CONNECTION","objectTypeKey":"MATOMO_API","type":"objectType","left":-545,"top":-153,"state":"CONFIGURED"},{"id":"820fbcbe-6ad1-4475-8520-7e819a355077","top":-90,"left":-343,"label":"Matomo Loader","ports":[{"id":"820fbcbe-6ad1-4475-8520-7e819a355077.input","type":"singleInput"},{"id":"820fbcbe-6ad1-4475-8520-7e819a355077.output","type":"singleOutputLocked"}],"nodeType":"process","processTypeKey":"MATOMO_LOADER","state":"COMPLETED"},{"objectCategoryKey":"DATASET","objectTypeKey":"TABLE","left":-143,"ports":[{"id":"062826b2-0b44-4216-8083-494ea5443b8b.input","type":"singleInputLocked"},{"id":"062826b2-0b44-4216-8083-494ea5443b8b.output","type":"multiOutput"}],"label":"v720_a1_matomo_loader","top":-90,"processTypeKey":null,"id":"062826b2-0b44-4216-8083-494ea5443b8b","nodeType":"objectType"}],"edges":[{"source":"acc0b1a3-93ac-4b7e-a788-64a3f63995fd.output","target":"820fbcbe-6ad1-4475-8520-7e819a355077.input","data":{"id":"67f57b4c-0872-4556-9c87-3e0af06b6690","type":"default"}},{"source":"820fbcbe-6ad1-4475-8520-7e819a355077.output","target":"062826b2-0b44-4216-8083-494ea5443b8b.input","data":{}}],"ports":[{"id":"acc0b1a3-93ac-4b7e-a788-64a3f63995fd.output"},{"id":"acc0b1a3-93ac-4b7e-a788-64a3f63995fd.input"},{"id":"820fbcbe-6ad1-4475-8520-7e819a355077.input"},{"id":"820fbcbe-6ad1-4475-8520-7e819a355077.output"},{"id":"062826b2-0b44-4216-8083-494ea5443b8b.output"},{"id":"062826b2-0b44-4216-8083-494ea5443b8b.input"}],"groups":[]},"environment":"DEVELOPMENT","parentWorkflowId":null,"createdById":"e818ce9b-a8b5-4a4a-bb11-5579587878f6","modifiedById":"e818ce9b-a8b5-4a4a-bb11-5579587878f6","parameters":null,"createdAt":"2023-09-29T14:53:51.899Z","updatedAt":"2023-09-29T15:09:55.450Z","app":{"id":"3ba3d052-6e83-44f1-a4f7-d2bae6cf7155","key":"V720_A1_Matomo","appPrefix":"v720_a1_matomo","name":"V720_A1_Matomo","description":"","module":"SYNTHESIZER","partitionScheme":"DAILY","templateId":"7c2ec6cd-5aaf-4435-bc46-0a66c6b13d08","eventStoreId":"e5192172-2334-4abf-85ec-76ac290c6aff","iconKey":null,"sharing":{"shareType":"PRIVATE"},"ownerId":"e818ce9b-a8b5-4a4a-bb11-5579587878f6","createdById":"e818ce9b-a8b5-4a4a-bb11-5579587878f6","modifiedById":"e818ce9b-a8b5-4a4a-bb11-5579587878f6","createdAt":"2023-09-29T14:53:51.715Z","updatedAt":"2023-09-29T14:53:51.715Z","deletedAt":null},"graphNodes":[{"id":"c6287bcc-bb75-4085-a1af-c3d05e6448b6","name":"Matomo Loader","appNodeId":"820fbcbe-6ad1-4475-8520-7e819a355077","workflowId":"fb01e07e-fd08-4516-8a83-3fb1b694a579","objectTypeKey":null,"processTypeKey":"MATOMO_LOADER","displayGroup":null,"connectionId":null,"externalDatasetId":null,"externalSchemaId":null,"datasetId":null,"streamId":null,"intelligenceHubId":null,"displayGroupKey":null,"state":"COMPLETED","parameters":{"system":{"isDeletable":true},"parameters":{"siteId":"all","fieldsToFlatten":"actionDetails","batchSize":5000},"mapping":{"timeField":"file_date","timeFormat":"yyyy-MM-dd","dynamicSchema":true,"columns":[{"id":"4c331056-4936-4838-b5a2-c62203acd002","order":1,"graphNodeId":"c6287bcc-bb75-4085-a1af-c3d05e6448b6","appProcessMappingId":"8607412c-8871-4714-9fd4-b89a50dde016","name":"idSite","label":null,"source":"","datatype":"String","isGroupBy":null,"isPartitioned":null,"isFeature":null,"isLabelField":null,"isIdentifier":null,"operationtype":null,"note":null,"columntype":null,"metadata":null},{"id":"4c9359e8-42a2-405e-bed0-0337c88a4121","order":2,"graphNodeId":"c6287bcc-bb75-4085-a1af-c3d05e6448b6","appProcessMappingId":"81950db9-8450-4ede-b9fc-43dcd15caaa4","name":"idVisit","label":null,"source":"","datatype":"String","isGroupBy":null,"isPartitioned":null,"isFeature":null,"isLabelField":null,"isIdentifier":null,"operationtype":null,"note":null,"columntype":null,"metadata":null},{"id":"eafc0569-3350-4422-9ee3-dc4c08bb9a22","order":3,"graphNodeId":"c6287bcc-bb75-4085-a1af-c3d05e6448b6","appProcessMappingId":"65b176a0-f763-4f7b-856e-bb1d06e11370","name":"visitIp","label":null,"source":"","datatype":"String","isGroupBy":null,"isPartitioned":null,"isFeature":null,"isLabelField":null,"isIdentifier":null,"operationtype":null,"note":null,"columntype":null,"metadata":null},{"id":"b83768ef-cb20-4a66-a8ea-8d001a6354fe","order":4,"graphNodeId":"c6287bcc-bb75-4085-a1af-c3d05e6448b6","appProcessMappingId":"72b3016a-31c9-47f6-8cd8-2680699e5a31","name":"visitorId","label":null,"source":"","datatype":"String","isGroupBy":null,"isPartitioned":null,"isFeature":null,"isLabelField":null,"isIdentifier":null,"operationtype":null,"note":null,"columntype":null,"metadata":null},{"id":"9cde2aae-deb1-43a3-a5e4-81173346f1e7","order":5,"graphNodeId":"c6287bcc-bb75-4085-a1af-c3d05e6448b6","appProcessMappingId":"15d18854-ead6-4a35-9d31-b51e7a02e404","name":"fingerprint","label":null,"source":"","datatype":"String","isGroupBy":null,"isPartitioned":null,"isFeature":null,"isLabelField":null,"isIdentifier":null,"operationtype":null,"note":null,"columntype":null,"metadata":null},{"id":"e7430b09-7deb-48d9-83ab-fc27f60979d3","order":6,"graphNodeId":"c6287bcc-bb75-4085-a1af-c3d05e6448b6","appProcessMappingId":"8875ed19-cb96-4bf4-b875-130dbe4f8c8f","name":"actionDetails","label":null,"source":"","datatype":"String","isGroupBy":null,"isPartitioned":null,"isFeature":null,"isLabelField":null,"isIdentifier":null,"operationtype":null,"note":null,"columntype":null,"metadata":null},{"id":"baabb255-5a50-4514-8b96-62fdb4996659","order":7,"graphNodeId":"c6287bcc-bb75-4085-a1af-c3d05e6448b6","appProcessMappingId":"df54e510-bd22-4e7a-905a-3b3d65343394","name":"goalConversions","label":null,"source":"","datatype":"String","isGroupBy":null,"isPartitioned":null,"isFeature":null,"isLabelField":null,"isIdentifier":null,"operationtype":null,"note":null,"columntype":null,"metadata":null},{"id":"f3c6bb0a-9f0d-4a74-8ea6-ddb2661aaca4","order":8,"graphNodeId":"c6287bcc-bb75-4085-a1af-c3d05e6448b6","appProcessMappingId":"c4e6381d-3064-49fc-8e65-741d98cc5838","name":"siteCurrency","label":null,"source":"","datatype":"String","isGroupBy":null,"isPartitioned":null,"isFeature":null,"isLabelField":null,"isIdentifier":null,"operationtype":null,"note":null,"columntype":null,"metadata":null},{"id":"8a5daf98-a611-44a0-9c99-c5b4a5e21e16","order":9,"graphNodeId":"c6287bcc-bb75-4085-a1af-c3d05e6448b6","appProcessMappingId":"abfa6ab1-6290-4db4-afc4-9603e8feecf2","name":"siteCurrencySymbol","label":null,"source":"","datatype":"String","isGroupBy":null,"isPartitioned":null,"isFeature":null,"isLabelField":null,"isIdentifier":null,"operationtype":null,"note":null,"columntype":null,"metadata":null},{"id":"e5793074-4104-44d0-be10-a7576565fbb6","order":10,"graphNodeId":"c6287bcc-bb75-4085-a1af-c3d05e6448b6","appProcessMappingId":"deb7295a-f901-4738-b938-c86651743e43","name":"serverDate","label":null,"source":"","datatype":"String","isGroupBy":null,"isPartitioned":null,"isFeature":null,"isLabelField":null,"isIdentifier":null,"operationtype":null,"note":null,"columntype":null,"metadata":null},{"id":"f058838d-6aec-4796-818c-5fe2d9de2e44","order":11,"graphNodeId":"c6287bcc-bb75-4085-a1af-c3d05e6448b6","appProcessMappingId":"aa21881a-e678-4855-a223-c1058da22ae2","name":"visitServerHour","label":null,"source":"","datatype":"String","isGroupBy":null,"isPartitioned":null,"isFeature":null,"isLabelField":null,"isIdentifier":null,"operationtype":null,"note":null,"columntype":null,"metadata":null},{"id":"e502cf33-ff53-49e2-a1d4-728186ef79ee","order":12,"graphNodeId":"c6287bcc-bb75-4085-a1af-c3d05e6448b6","appProcessMappingId":"c5585780-4a0e-449e-aeea-af45662aa60b","name":"lastActionTimestamp","label":null,"source":"","datatype":"String","isGroupBy":null,"isPartitioned":null,"isFeature":null,"isLabelField":null,"isIdentifier":null,"operationtype":null,"note":null,"columntype":null,"metadata":null},{"id":"5ca6369f-2a77-4daf-beda-b8aae6820740","order":13,"graphNodeId":"c6287bcc-bb75-4085-a1af-c3d05e6448b6","appProcessMappingId":"8f34a81b-fee1-431f-81e1-605bc7193c37","name":"lastActionDateTime","label":null,"source":"","datatype":"String","isGroupBy":null,"isPartitioned":null,"isFeature":null,"isLabelField":null,"isIdentifier":null,"operationtype":null,"note":null,"columntype":null,"metadata":null},{"id":"bb974321-d785-4af4-8aaf-b03e89579a80","order":14,"graphNodeId":"c6287bcc-bb75-4085-a1af-c3d05e6448b6","appProcessMappingId":"a30d2e87-7af9-4f7b-aaed-f637ede5625b","name":"siteName","label":null,"source":"","datatype":"String","isGroupBy":null,"isPartitioned":null,"isFeature":null,"isLabelField":null,"isIdentifier":null,"operationtype":null,"note":null,"columntype":null,"metadata":null},{"id":"472147e3-3f3a-424e-acf6-4969a8492e02","order":15,"graphNodeId":"c6287bcc-bb75-4085-a1af-c3d05e6448b6","appProcessMappingId":"3c330f53-aae4-4460-8fcd-8784491c699d","name":"serverTimestamp","label":null,"source":"","datatype":"String","isGroupBy":null,"isPartitioned":null,"isFeature":null,"isLabelField":null,"isIdentifier":null,"operationtype":null,"note":null,"columntype":null,"metadata":null},{"id":"1bdae721-fea8-4e41-8a4a-c18a1cf87d87","order":16,"graphNodeId":"c6287bcc-bb75-4085-a1af-c3d05e6448b6","appProcessMappingId":"3ef3cc86-542f-4148-863b-729bfcf991ba","name":"firstActionTimestamp","label":null,"source":"","datatype":"String","isGroupBy":null,"isPartitioned":null,"isFeature":null,"isLabelField":null,"isIdentifier":null,"operationtype":null,"note":null,"columntype":null,"metadata":null},{"id":"2fbaf94d-c4a9-4dbe-9e62-3600db208790","order":17,"graphNodeId":"c6287bcc-bb75-4085-a1af-c3d05e6448b6","appProcessMappingId":"5c4e0baf-e131-4f53-be15-57fb09f62b40","name":"serverTimePretty","label":null,"source":"","datatype":"String","isGroupBy":null,"isPartitioned":null,"isFeature":null,"isLabelField":null,"isIdentifier":null,"operationtype":null,"note":null,"columntype":null,"metadata":null},{"id":"07717a15-8e0a-47ec-9b9a-28d359518672","order":18,"graphNodeId":"c6287bcc-bb75-4085-a1af-c3d05e6448b6","appProcessMappingId":"3fcb7349-af70-43d2-8b19-ddbd4ce75fc1","name":"serverDatePretty","label":null,"source":"","datatype":"String","isGroupBy":null,"isPartitioned":null,"isFeature":null,"isLabelField":null,"isIdentifier":null,"operationtype":null,"note":null,"columntype":null,"metadata":null},{"id":"7019d3d3-1cda-45d4-b462-c895174a7e16","order":19,"graphNodeId":"c6287bcc-bb75-4085-a1af-c3d05e6448b6","appProcessMappingId":"d656d9d9-d521-43bf-9bf3-140384fe21b4","name":"serverDatePrettyFirstAction","label":null,"source":"","datatype":"String","isGroupBy":null,"isPartitioned":null,"isFeature":null,"isLabelField":null,"isIdentifier":null,"operationtype":null,"note":null,"columntype":null,"metadata":null},{"id":"37def661-c061-4f68-8661-4d413a6744c7","order":20,"graphNodeId":"c6287bcc-bb75-4085-a1af-c3d05e6448b6","appProcessMappingId":"e61bdeca-72f0-4238-8aa2-820a3f3640e0","name":"serverTimePrettyFirstAction","label":null,"source":"","datatype":"String","isGroupBy":null,"isPartitioned":null,"isFeature":null,"isLabelField":null,"isIdentifier":null,"operationtype":null,"note":null,"columntype":null,"metadata":null},{"id":"ef1ddc93-115c-4f53-b9f8-3f740c4a7d42","order":21,"graphNodeId":"c6287bcc-bb75-4085-a1af-c3d05e6448b6","appProcessMappingId":"292a4fd9-87cc-4f0c-b8c7-486790c58021","name":"userId","label":null,"source":"","datatype":"String","isGroupBy":null,"isPartitioned":null,"isFeature":null,"isLabelField":null,"isIdentifier":null,"operationtype":null,"note":null,"columntype":null,"metadata":null},{"id":"f07fe8d4-7f9d-4c81-9405-bc515b9ac73f","order":22,"graphNodeId":"c6287bcc-bb75-4085-a1af-c3d05e6448b6","appProcessMappingId":"8d34a6a6-2e7b-4b10-9e7d-e25d56aa1e95","name":"visitorType","label":null,"source":"","datatype":"String","isGroupBy":null,"isPartitioned":null,"isFeature":null,"isLabelField":null,"isIdentifier":null,"operationtype":null,"note":null,"columntype":null,"metadata":null},{"id":"779ee5f7-c7ad-44da-a659-82dc97cd7768","order":23,"graphNodeId":"c6287bcc-bb75-4085-a1af-c3d05e6448b6","appProcessMappingId":"3ff3988f-934b-4f49-9580-bda321979c29","name":"visitorTypeIcon","label":null,"source":"","datatype":"String","isGroupBy":null,"isPartitioned":null,"isFeature":null,"isLabelField":null,"isIdentifier":null,"operationtype":null,"note":null,"columntype":null,"metadata":null},{"id":"526b2010-953f-48e7-85c7-210bf70ea5c3","order":24,"graphNodeId":"c6287bcc-bb75-4085-a1af-c3d05e6448b6","appProcessMappingId":"5d698919-bce6-4726-a002-4c6ca6bd0b0b","name":"visitConverted","label":null,"source":"","datatype":"String","isGroupBy":null,"isPartitioned":null,"isFeature":null,"isLabelField":null,"isIdentifier":null,"operationtype":null,"note":null,"columntype":null,"metadata":null},{"id":"00ac6937-df06-4d27-994c-37b48a2965e1","order":25,"graphNodeId":"c6287bcc-bb75-4085-a1af-c3d05e6448b6","appProcessMappingId":"f7747c0c-8354-46bf-95a1-2eba1ca1fa44","name":"visitConvertedIcon","label":null,"source":"","datatype":"String","isGroupBy":null,"isPartitioned":null,"isFeature":null,"isLabelField":null,"isIdentifier":null,"operationtype":null,"note":null,"columntype":null,"metadata":null},{"id":"b3966f22-493c-44ae-af96-cb445a073158","order":26,"graphNodeId":"c6287bcc-bb75-4085-a1af-c3d05e6448b6","appProcessMappingId":"a4473948-cbf4-4c9a-a728-9402de59d151","name":"visitCount","label":null,"source":"","datatype":"String","isGroupBy":null,"isPartitioned":null,"isFeature":null,"isLabelField":null,"isIdentifier":null,"operationtype":null,"note":null,"columntype":null,"metadata":null},{"id":"4ed1da95-10d1-43c1-8050-2dc67ce2fd35","order":27,"graphNodeId":"c6287bcc-bb75-4085-a1af-c3d05e6448b6","appProcessMappingId":"3bb2a988-c7f3-4b8d-848d-587e10b26435","name":"visitEcommerceStatus","label":null,"source":"","datatype":"String","isGroupBy":null,"isPartitioned":null,"isFeature":null,"isLabelField":null,"isIdentifier":null,"operationtype":null,"note":null,"columntype":null,"metadata":null},{"id":"7f6f7f50-1229-4d3e-8144-3bd044c68c01","order":28,"graphNodeId":"c6287bcc-bb75-4085-a1af-c3d05e6448b6","appProcessMappingId":"dd13953f-0e6a-4836-8b6e-d40de1354de4","name":"visitEcommerceStatusIcon","label":null,"source":"","datatype":"String","isGroupBy":null,"isPartitioned":null,"isFeature":null,"isLabelField":null,"isIdentifier":null,"operationtype":null,"note":null,"columntype":null,"metadata":null},{"id":"7b71ac45-5b8d-42ee-94bb-f2e12a95b00c","order":29,"graphNodeId":"c6287bcc-bb75-4085-a1af-c3d05e6448b6","appProcessMappingId":"90b3f634-0018-4d7e-8307-2092e0f20887","name":"daysSinceFirstVisit","label":null,"source":"","datatype":"String","isGroupBy":null,"isPartitioned":null,"isFeature":null,"isLabelField":null,"isIdentifier":null,"operationtype":null,"note":null,"columntype":null,"metadata":null},{"id":"acdaab13-b9e6-4f18-8cd0-97f3efa7f4a7","order":30,"graphNodeId":"c6287bcc-bb75-4085-a1af-c3d05e6448b6","appProcessMappingId":"a5da94d2-528b-4114-a4b5-fd8a78b78007","name":"secondsSinceFirstVisit","label":null,"source":"","datatype":"String","isGroupBy":null,"isPartitioned":null,"isFeature":null,"isLabelField":null,"isIdentifier":null,"operationtype":null,"note":null,"columntype":null,"metadata":null},{"id":"73d1dff4-6784-4d86-a9bc-ecad8c394155","order":31,"graphNodeId":"c6287bcc-bb75-4085-a1af-c3d05e6448b6","appProcessMappingId":"daf73cba-ffd9-499c-8bb2-7d814e0f17e0","name":"daysSinceLastEcommerceOrder","label":null,"source":"","datatype":"String","isGroupBy":null,"isPartitioned":null,"isFeature":null,"isLabelField":null,"isIdentifier":null,"operationtype":null,"note":null,"columntype":null,"metadata":null},{"id":"77ebab65-8cbc-41fb-8703-a5ccb622ad20","order":32,"graphNodeId":"c6287bcc-bb75-4085-a1af-c3d05e6448b6","appProcessMappingId":"eaf97d6b-6964-4968-834b-e3b312a2ecbe","name":"secondsSinceLastEcommerceOrder","label":null,"source":"","datatype":"String","isGroupBy":null,"isPartitioned":null,"isFeature":null,"isLabelField":null,"isIdentifier":null,"operationtype":null,"note":null,"columntype":null,"metadata":null},{"id":"a4c64b9a-0038-4da4-8623-5aa5a78979ab","order":33,"graphNodeId":"c6287bcc-bb75-4085-a1af-c3d05e6448b6","appProcessMappingId":"7c32c561-a311-4e7e-b4d5-9702dd970de3","name":"visitDuration","label":null,"source":"","datatype":"String","isGroupBy":null,"isPartitioned":null,"isFeature":null,"isLabelField":null,"isIdentifier":null,"operationtype":null,"note":null,"columntype":null,"metadata":null},{"id":"568849bd-4908-44e9-a8a4-c7e6d6d23c30","order":34,"graphNodeId":"c6287bcc-bb75-4085-a1af-c3d05e6448b6","appProcessMappingId":"5dfa1625-2466-4c28-af00-2df31f6eade2","name":"visitDurationPretty","label":null,"source":"","datatype":"String","isGroupBy":null,"isPartitioned":null,"isFeature":null,"isLabelField":null,"isIdentifier":null,"operationtype":null,"note":null,"columntype":null,"metadata":null},{"id":"eac01269-4aa5-4ad5-a22f-8ccc8330df69","order":35,"graphNodeId":"c6287bcc-bb75-4085-a1af-c3d05e6448b6","appProcessMappingId":"aaf44c13-d5d0-49ae-bc3a-a0345c59aa33","name":"searches","label":null,"source":"","datatype":"String","isGroupBy":null,"isPartitioned":null,"isFeature":null,"isLabelField":null,"isIdentifier":null,"operationtype":null,"note":null,"columntype":null,"metadata":null},{"id":"e6f5d80a-29e9-4a55-8538-42460fa67b26","order":36,"graphNodeId":"c6287bcc-bb75-4085-a1af-c3d05e6448b6","appProcessMappingId":"2dcbd634-913d-4044-b30f-12d02e79052c","name":"actions","label":null,"source":"","datatype":"String","isGroupBy":null,"isPartitioned":null,"isFeature":null,"isLabelField":null,"isIdentifier":null,"operationtype":null,"note":null,"columntype":null,"metadata":null},{"id":"61a279b1-979f-4c51-b30e-23fec2ec69b8","order":37,"graphNodeId":"c6287bcc-bb75-4085-a1af-c3d05e6448b6","appProcessMappingId":"7ea5a9ec-3186-4b3e-b50c-2702a2e64c02","name":"interactions","label":null,"source":"","datatype":"String","isGroupBy":null,"isPartitioned":null,"isFeature":null,"isLabelField":null,"isIdentifier":null,"operationtype":null,"note":null,"columntype":null,"metadata":null},{"id":"0f9d65f1-e9e7-4feb-960b-d36ce6021686","order":38,"graphNodeId":"c6287bcc-bb75-4085-a1af-c3d05e6448b6","appProcessMappingId":"12aaf566-d32d-4e4e-9e92-5307bc29d74a","name":"referrerType","label":null,"source":"","datatype":"String","isGroupBy":null,"isPartitioned":null,"isFeature":null,"isLabelField":null,"isIdentifier":null,"operationtype":null,"note":null,"columntype":null,"metadata":null},{"id":"c3f1b4d9-8024-45e8-a737-7042d9b93c0e","order":39,"graphNodeId":"c6287bcc-bb75-4085-a1af-c3d05e6448b6","appProcessMappingId":"677683b7-4ed2-4389-ae59-cbd0b4f6cf24","name":"referrerTypeName","label":null,"source":"","datatype":"String","isGroupBy":null,"isPartitioned":null,"isFeature":null,"isLabelField":null,"isIdentifier":null,"operationtype":null,"note":null,"columntype":null,"metadata":null},{"id":"70d298c9-820c-4b2d-9564-75d9a57148f8","order":40,"graphNodeId":"c6287bcc-bb75-4085-a1af-c3d05e6448b6","appProcessMappingId":"0520a11c-d8ce-4a84-b9f3-e12a7dc91ba3","name":"referrerName","label":null,"source":"","datatype":"String","isGroupBy":null,"isPartitioned":null,"isFeature":null,"isLabelField":null,"isIdentifier":null,"operationtype":null,"note":null,"columntype":null,"metadata":null},{"id":"2be6c3d0-9c69-48a3-a76d-dde36c670c57","order":41,"graphNodeId":"c6287bcc-bb75-4085-a1af-c3d05e6448b6","appProcessMappingId":"0a97a91d-ef6f-4d4c-b08c-8fb45112da43","name":"referrerKeyword","label":null,"source":"","datatype":"String","isGroupBy":null,"isPartitioned":null,"isFeature":null,"isLabelField":null,"isIdentifier":null,"operationtype":null,"note":null,"columntype":null,"metadata":null},{"id":"5c9d0be3-3fb4-40dc-8358-8a047ecc8dbc","order":42,"graphNodeId":"c6287bcc-bb75-4085-a1af-c3d05e6448b6","appProcessMappingId":"c963a3ca-52df-43e5-95c8-482cfbed19c2","name":"referrerKeywordPosition","label":null,"source":"","datatype":"String","isGroupBy":null,"isPartitioned":null,"isFeature":null,"isLabelField":null,"isIdentifier":null,"operationtype":null,"note":null,"columntype":null,"metadata":null},{"id":"2dce3a58-c193-41b4-82b3-e0c94004d160","order":43,"graphNodeId":"c6287bcc-bb75-4085-a1af-c3d05e6448b6","appProcessMappingId":"be0e5ab6-9299-4624-842b-338e7dd69391","name":"referrerUrl","label":null,"source":"","datatype":"String","isGroupBy":null,"isPartitioned":null,"isFeature":null,"isLabelField":null,"isIdentifier":null,"operationtype":null,"note":null,"columntype":null,"metadata":null},{"id":"661ecd1c-6e3b-4e5e-b79c-e14527958022","order":44,"graphNodeId":"c6287bcc-bb75-4085-a1af-c3d05e6448b6","appProcessMappingId":"c2c6e128-1ccc-47ed-a240-7bddc08b9bba","name":"referrerSearchEngineUrl","label":null,"source":"","datatype":"String","isGroupBy":null,"isPartitioned":null,"isFeature":null,"isLabelField":null,"isIdentifier":null,"operationtype":null,"note":null,"columntype":null,"metadata":null},{"id":"3e44f1fb-f084-4784-a561-51dba6f9ab18","order":45,"graphNodeId":"c6287bcc-bb75-4085-a1af-c3d05e6448b6","appProcessMappingId":"71babc4d-2d7b-404a-a6e9-dfbf66aec45f","name":"referrerSearchEngineIcon","label":null,"source":"","datatype":"String","isGroupBy":null,"isPartitioned":null,"isFeature":null,"isLabelField":null,"isIdentifier":null,"operationtype":null,"note":null,"columntype":null,"metadata":null},{"id":"b344bd07-4e1c-4d6b-91a1-12c89aa24892","order":46,"graphNodeId":"c6287bcc-bb75-4085-a1af-c3d05e6448b6","appProcessMappingId":"e7b5aea6-8d2a-4332-967c-4b32625b3b51","name":"referrerSocialNetworkUrl","label":null,"source":"","datatype":"String","isGroupBy":null,"isPartitioned":null,"isFeature":null,"isLabelField":null,"isIdentifier":null,"operationtype":null,"note":null,"columntype":null,"metadata":null},{"id":"f9303b05-d760-4e59-a810-194fde0a7e14","order":47,"graphNodeId":"c6287bcc-bb75-4085-a1af-c3d05e6448b6","appProcessMappingId":"150c4116-2854-4aaa-b87c-84500c4c2af3","name":"referrerSocialNetworkIcon","label":null,"source":"","datatype":"String","isGroupBy":null,"isPartitioned":null,"isFeature":null,"isLabelField":null,"isIdentifier":null,"operationtype":null,"note":null,"columntype":null,"metadata":null},{"id":"8b594a56-3d0c-423d-aeb2-e61e21b1a771","order":48,"graphNodeId":"c6287bcc-bb75-4085-a1af-c3d05e6448b6","appProcessMappingId":"543d1a47-fe2b-414a-b2bb-02c8488af9b8","name":"languageCode","label":null,"source":"","datatype":"String","isGroupBy":null,"isPartitioned":null,"isFeature":null,"isLabelField":null,"isIdentifier":null,"operationtype":null,"note":null,"columntype":null,"metadata":null},{"id":"a3826bf2-3f57-48d2-8cb4-e399a9d1ea4b","order":49,"graphNodeId":"c6287bcc-bb75-4085-a1af-c3d05e6448b6","appProcessMappingId":"3c5a40c4-a7b9-4307-bad9-f1078dcd9fd5","name":"language","label":null,"source":"","datatype":"String","isGroupBy":null,"isPartitioned":null,"isFeature":null,"isLabelField":null,"isIdentifier":null,"operationtype":null,"note":null,"columntype":null,"metadata":null},{"id":"9430147b-72bc-4c7b-b521-b825f344ab67","order":50,"graphNodeId":"c6287bcc-bb75-4085-a1af-c3d05e6448b6","appProcessMappingId":"d16a46a2-c166-4771-af8c-4a69b6bbd481","name":"deviceType","label":null,"source":"","datatype":"String","isGroupBy":null,"isPartitioned":null,"isFeature":null,"isLabelField":null,"isIdentifier":null,"operationtype":null,"note":null,"columntype":null,"metadata":null},{"id":"9071fc10-00d9-4b5c-adb8-c87ed211b305","order":51,"graphNodeId":"c6287bcc-bb75-4085-a1af-c3d05e6448b6","appProcessMappingId":"28be249e-dee7-4ca3-80ba-7df6b4f35aa1","name":"deviceTypeIcon","label":null,"source":"","datatype":"String","isGroupBy":null,"isPartitioned":null,"isFeature":null,"isLabelField":null,"isIdentifier":null,"operationtype":null,"note":null,"columntype":null,"metadata":null},{"id":"67c6058c-6349-469b-a70a-ad65ce7c23b3","order":52,"graphNodeId":"c6287bcc-bb75-4085-a1af-c3d05e6448b6","appProcessMappingId":"de209036-4c95-43f4-8265-ef27ed22d48c","name":"deviceBrand","label":null,"source":"","datatype":"String","isGroupBy":null,"isPartitioned":null,"isFeature":null,"isLabelField":null,"isIdentifier":null,"operationtype":null,"note":null,"columntype":null,"metadata":null},{"id":"8f091000-1c2a-473e-82b6-cf6fff2dfcbe","order":53,"graphNodeId":"c6287bcc-bb75-4085-a1af-c3d05e6448b6","appProcessMappingId":"7b19c154-c81a-4550-be7a-55687e181885","name":"deviceModel","label":null,"source":"","datatype":"String","isGroupBy":null,"isPartitioned":null,"isFeature":null,"isLabelField":null,"isIdentifier":null,"operationtype":null,"note":null,"columntype":null,"metadata":null},{"id":"79b96a9e-4aa4-4352-ab45-dd62787781db","order":54,"graphNodeId":"c6287bcc-bb75-4085-a1af-c3d05e6448b6","appProcessMappingId":"95c79506-d326-4107-92fc-1d8aaba869c0","name":"operatingSystem","label":null,"source":"","datatype":"String","isGroupBy":null,"isPartitioned":null,"isFeature":null,"isLabelField":null,"isIdentifier":null,"operationtype":null,"note":null,"columntype":null,"metadata":null},{"id":"99717b58-ca9e-450a-8159-8bf422f8ceb6","order":55,"graphNodeId":"c6287bcc-bb75-4085-a1af-c3d05e6448b6","appProcessMappingId":"3237eb02-4fa7-4c39-8f8a-96a880868ff9","name":"operatingSystemName","label":null,"source":"","datatype":"String","isGroupBy":null,"isPartitioned":null,"isFeature":null,"isLabelField":null,"isIdentifier":null,"operationtype":null,"note":null,"columntype":null,"metadata":null},{"id":"f09445f4-f10a-4bf2-9e34-439f6b53c801","order":56,"graphNodeId":"c6287bcc-bb75-4085-a1af-c3d05e6448b6","appProcessMappingId":"be6acfab-db2f-4dec-8094-5168e90ed401","name":"operatingSystemIcon","label":null,"source":"","datatype":"String","isGroupBy":null,"isPartitioned":null,"isFeature":null,"isLabelField":null,"isIdentifier":null,"operationtype":null,"note":null,"columntype":null,"metadata":null},{"id":"fe6b2353-083d-4543-8a0a-c7f15301404e","order":57,"graphNodeId":"c6287bcc-bb75-4085-a1af-c3d05e6448b6","appProcessMappingId":"3ff6e0d3-3a92-4912-9fee-956f16d4beec","name":"operatingSystemCode","label":null,"source":"","datatype":"String","isGroupBy":null,"isPartitioned":null,"isFeature":null,"isLabelField":null,"isIdentifier":null,"operationtype":null,"note":null,"columntype":null,"metadata":null},{"id":"3f6debff-0a18-4d4a-8a92-83d93a712039","order":58,"graphNodeId":"c6287bcc-bb75-4085-a1af-c3d05e6448b6","appProcessMappingId":"3d3ac1cf-fb3c-4c1b-a229-2f84697d65f7","name":"operatingSystemVersion","label":null,"source":"","datatype":"String","isGroupBy":null,"isPartitioned":null,"isFeature":null,"isLabelField":null,"isIdentifier":null,"operationtype":null,"note":null,"columntype":null,"metadata":null},{"id":"afa426c7-a871-4fbd-8af9-0cbab3c06c61","order":59,"graphNodeId":"c6287bcc-bb75-4085-a1af-c3d05e6448b6","appProcessMappingId":"bfa33104-eff9-4592-9ae4-507176c3e404","name":"browserFamily","label":null,"source":"","datatype":"String","isGroupBy":null,"isPartitioned":null,"isFeature":null,"isLabelField":null,"isIdentifier":null,"operationtype":null,"note":null,"columntype":null,"metadata":null},{"id":"a06cc559-1e8e-4572-995f-e61782ec0330","order":60,"graphNodeId":"c6287bcc-bb75-4085-a1af-c3d05e6448b6","appProcessMappingId":"f9110a4b-2183-40ef-a6ce-22012f9a33e1","name":"browserFamilyDescription","label":null,"source":"","datatype":"String","isGroupBy":null,"isPartitioned":null,"isFeature":null,"isLabelField":null,"isIdentifier":null,"operationtype":null,"note":null,"columntype":null,"metadata":null},{"id":"b20c776d-88aa-4f3f-8c22-0ff5d5ddd47a","order":61,"graphNodeId":"c6287bcc-bb75-4085-a1af-c3d05e6448b6","appProcessMappingId":"04d5665e-cd39-4c5e-b311-35a713665d69","name":"browser","label":null,"source":"","datatype":"String","isGroupBy":null,"isPartitioned":null,"isFeature":null,"isLabelField":null,"isIdentifier":null,"operationtype":null,"note":null,"columntype":null,"metadata":null},{"id":"b1aa15fa-89ef-4d8b-b8ea-f8f90100785e","order":62,"graphNodeId":"c6287bcc-bb75-4085-a1af-c3d05e6448b6","appProcessMappingId":"43b71622-9245-4add-8de8-909156cddd20","name":"browserName","label":null,"source":"","datatype":"String","isGroupBy":null,"isPartitioned":null,"isFeature":null,"isLabelField":null,"isIdentifier":null,"operationtype":null,"note":null,"columntype":null,"metadata":null},{"id":"7c4a3334-e01c-4468-87d1-11b091c2f935","order":63,"graphNodeId":"c6287bcc-bb75-4085-a1af-c3d05e6448b6","appProcessMappingId":"fde7058c-2bc9-4e88-b3e8-8f979462d62b","name":"browserIcon","label":null,"source":"","datatype":"String","isGroupBy":null,"isPartitioned":null,"isFeature":null,"isLabelField":null,"isIdentifier":null,"operationtype":null,"note":null,"columntype":null,"metadata":null},{"id":"227e69e9-20fb-4dbb-ada9-bca809938250","order":64,"graphNodeId":"c6287bcc-bb75-4085-a1af-c3d05e6448b6","appProcessMappingId":"fbfd8184-a26b-4f10-9aec-0ca6992060e3","name":"browserCode","label":null,"source":"","datatype":"String","isGroupBy":null,"isPartitioned":null,"isFeature":null,"isLabelField":null,"isIdentifier":null,"operationtype":null,"note":null,"columntype":null,"metadata":null},{"id":"86c8a1b9-a689-455e-ad09-c1f856578082","order":65,"graphNodeId":"c6287bcc-bb75-4085-a1af-c3d05e6448b6","appProcessMappingId":"9ea2f8b6-967d-4305-8b74-49bb36b84722","name":"browserVersion","label":null,"source":"","datatype":"String","isGroupBy":null,"isPartitioned":null,"isFeature":null,"isLabelField":null,"isIdentifier":null,"operationtype":null,"note":null,"columntype":null,"metadata":null},{"id":"7a0e427b-231b-4329-862a-431b950e7aaf","order":66,"graphNodeId":"c6287bcc-bb75-4085-a1af-c3d05e6448b6","appProcessMappingId":"efe8dee0-4d82-45d6-b1ea-319806183f83","name":"totalEcommerceRevenue","label":null,"source":"","datatype":"String","isGroupBy":null,"isPartitioned":null,"isFeature":null,"isLabelField":null,"isIdentifier":null,"operationtype":null,"note":null,"columntype":null,"metadata":null},{"id":"33a6d59f-ddf0-4240-b1c1-e25138e469e2","order":67,"graphNodeId":"c6287bcc-bb75-4085-a1af-c3d05e6448b6","appProcessMappingId":"4c49dd34-4323-4f43-a5f2-22b6e65b3649","name":"totalEcommerceConversions","label":null,"source":"","datatype":"String","isGroupBy":null,"isPartitioned":null,"isFeature":null,"isLabelField":null,"isIdentifier":null,"operationtype":null,"note":null,"columntype":null,"metadata":null},{"id":"933555e3-5b1b-4c0c-80f5-df1885c63805","order":68,"graphNodeId":"c6287bcc-bb75-4085-a1af-c3d05e6448b6","appProcessMappingId":"c3ed07b4-030d-4dce-91ab-d408d034fdb7","name":"totalEcommerceItems","label":null,"source":"","datatype":"String","isGroupBy":null,"isPartitioned":null,"isFeature":null,"isLabelField":null,"isIdentifier":null,"operationtype":null,"note":null,"columntype":null,"metadata":null},{"id":"f306850a-ddfd-470d-9169-93423f25c954","order":69,"graphNodeId":"c6287bcc-bb75-4085-a1af-c3d05e6448b6","appProcessMappingId":"ddd86448-7f46-4a24-b20c-e20e7b01a937","name":"totalAbandonedCartsRevenue","label":null,"source":"","datatype":"String","isGroupBy":null,"isPartitioned":null,"isFeature":null,"isLabelField":null,"isIdentifier":null,"operationtype":null,"note":null,"columntype":null,"metadata":null},{"id":"739334fa-862b-4cf2-9120-ebdc6913e6ab","order":70,"graphNodeId":"c6287bcc-bb75-4085-a1af-c3d05e6448b6","appProcessMappingId":"a77f3a39-cf10-4b03-b67e-6338af1a35bb","name":"totalAbandonedCarts","label":null,"source":"","datatype":"String","isGroupBy":null,"isPartitioned":null,"isFeature":null,"isLabelField":null,"isIdentifier":null,"operationtype":null,"note":null,"columntype":null,"metadata":null},{"id":"626a31a9-5c6c-4559-a953-45025ee48980","order":71,"graphNodeId":"c6287bcc-bb75-4085-a1af-c3d05e6448b6","appProcessMappingId":"0316bccd-5743-4241-a146-b85414e52193","name":"totalAbandonedCartsItems","label":null,"source":"","datatype":"String","isGroupBy":null,"isPartitioned":null,"isFeature":null,"isLabelField":null,"isIdentifier":null,"operationtype":null,"note":null,"columntype":null,"metadata":null},{"id":"adeab6c0-08b7-4c1f-9cbe-25d335bb4cbe","order":72,"graphNodeId":"c6287bcc-bb75-4085-a1af-c3d05e6448b6","appProcessMappingId":"eacd1934-d7a1-4678-a58b-8f8f11583464","name":"events","label":null,"source":"","datatype":"String","isGroupBy":null,"isPartitioned":null,"isFeature":null,"isLabelField":null,"isIdentifier":null,"operationtype":null,"note":null,"columntype":null,"metadata":null},{"id":"3b5993dd-a3c7-40c6-8fcf-404b04ed957a","order":73,"graphNodeId":"c6287bcc-bb75-4085-a1af-c3d05e6448b6","appProcessMappingId":"25e12d01-6d57-4903-ab39-36883bda22cc","name":"continent","label":null,"source":"","datatype":"String","isGroupBy":null,"isPartitioned":null,"isFeature":null,"isLabelField":null,"isIdentifier":null,"operationtype":null,"note":null,"columntype":null,"metadata":null},{"id":"3dc9c8f7-81a8-4bd3-b018-5b46604d2874","order":74,"graphNodeId":"c6287bcc-bb75-4085-a1af-c3d05e6448b6","appProcessMappingId":"9c78a2ce-1a14-4559-bd9b-a2e161622744","name":"continentCode","label":null,"source":"","datatype":"String","isGroupBy":null,"isPartitioned":null,"isFeature":null,"isLabelField":null,"isIdentifier":null,"operationtype":null,"note":null,"columntype":null,"metadata":null},{"id":"a71086cb-4ebe-4fd4-912b-413b181ca55f","order":75,"graphNodeId":"c6287bcc-bb75-4085-a1af-c3d05e6448b6","appProcessMappingId":"13a2fe47-a9c5-457d-89b4-fbc2ba7b7240","name":"country","label":null,"source":"","datatype":"String","isGroupBy":null,"isPartitioned":null,"isFeature":null,"isLabelField":null,"isIdentifier":null,"operationtype":null,"note":null,"columntype":null,"metadata":null},{"id":"8812ad7a-c5d5-481c-a22a-f62d744da96f","order":76,"graphNodeId":"c6287bcc-bb75-4085-a1af-c3d05e6448b6","appProcessMappingId":"b72bf75b-7931-4722-a808-7f9bbafe627d","name":"countryCode","label":null,"source":"","datatype":"String","isGroupBy":null,"isPartitioned":null,"isFeature":null,"isLabelField":null,"isIdentifier":null,"operationtype":null,"note":null,"columntype":null,"metadata":null},{"id":"4a5f9086-170a-4bc4-8f23-babc79cd15a0","order":77,"graphNodeId":"c6287bcc-bb75-4085-a1af-c3d05e6448b6","appProcessMappingId":"3e9fd4f6-3bb1-409c-8721-f2fddf701273","name":"countryFlag","label":null,"source":"","datatype":"String","isGroupBy":null,"isPartitioned":null,"isFeature":null,"isLabelField":null,"isIdentifier":null,"operationtype":null,"note":null,"columntype":null,"metadata":null},{"id":"f6f673cb-1792-4e37-a79a-8e993ec6bc99","order":78,"graphNodeId":"c6287bcc-bb75-4085-a1af-c3d05e6448b6","appProcessMappingId":"fe258320-900c-474e-ab4b-92199564e76f","name":"region","label":null,"source":"","datatype":"String","isGroupBy":null,"isPartitioned":null,"isFeature":null,"isLabelField":null,"isIdentifier":null,"operationtype":null,"note":null,"columntype":null,"metadata":null},{"id":"6997bcad-376c-4483-86e8-53df96272668","order":79,"graphNodeId":"c6287bcc-bb75-4085-a1af-c3d05e6448b6","appProcessMappingId":"c97af5ae-c78e-48e9-be65-1ef86b30dceb","name":"regionCode","label":null,"source":"","datatype":"String","isGroupBy":null,"isPartitioned":null,"isFeature":null,"isLabelField":null,"isIdentifier":null,"operationtype":null,"note":null,"columntype":null,"metadata":null},{"id":"0d41f2e0-3c60-4d96-8659-2b497744f44e","order":80,"graphNodeId":"c6287bcc-bb75-4085-a1af-c3d05e6448b6","appProcessMappingId":"6ccabe92-1fe6-4689-b215-cf5078c7027a","name":"city","label":null,"source":"","datatype":"String","isGroupBy":null,"isPartitioned":null,"isFeature":null,"isLabelField":null,"isIdentifier":null,"operationtype":null,"note":null,"columntype":null,"metadata":null},{"id":"37075aae-106e-41b6-95c7-1f772cbdebbc","order":81,"graphNodeId":"c6287bcc-bb75-4085-a1af-c3d05e6448b6","appProcessMappingId":"ccd38820-d1e7-4748-8d8f-96ffd0787858","name":"location","label":null,"source":"","datatype":"String","isGroupBy":null,"isPartitioned":null,"isFeature":null,"isLabelField":null,"isIdentifier":null,"operationtype":null,"note":null,"columntype":null,"metadata":null},{"id":"c9db040c-f04f-4a66-bcdf-7975c86b631b","order":82,"graphNodeId":"c6287bcc-bb75-4085-a1af-c3d05e6448b6","appProcessMappingId":"a6ff011c-a229-46e7-90bd-f1b77796b865","name":"latitude","label":null,"source":"","datatype":"String","isGroupBy":null,"isPartitioned":null,"isFeature":null,"isLabelField":null,"isIdentifier":null,"operationtype":null,"note":null,"columntype":null,"metadata":null},{"id":"5961590f-3eac-4bcf-9889-0da80beb7338","order":83,"graphNodeId":"c6287bcc-bb75-4085-a1af-c3d05e6448b6","appProcessMappingId":"d24b0262-738c-4d01-b5e7-47152788dc90","name":"longitude","label":null,"source":"","datatype":"String","isGroupBy":null,"isPartitioned":null,"isFeature":null,"isLabelField":null,"isIdentifier":null,"operationtype":null,"note":null,"columntype":null,"metadata":null},{"id":"2b6c5ba3-3372-46e9-ae4a-c197c57a283e","order":84,"graphNodeId":"c6287bcc-bb75-4085-a1af-c3d05e6448b6","appProcessMappingId":"d2edc1fb-ce9b-41cc-8ea9-4a282e287f34","name":"visitLocalTime","label":null,"source":"","datatype":"String","isGroupBy":null,"isPartitioned":null,"isFeature":null,"isLabelField":null,"isIdentifier":null,"operationtype":null,"note":null,"columntype":null,"metadata":null},{"id":"1fd093eb-d7a0-45ca-8eb3-629c26452d4d","order":85,"graphNodeId":"c6287bcc-bb75-4085-a1af-c3d05e6448b6","appProcessMappingId":"b648c528-ff83-49c4-9ce1-ebf95920cf9f","name":"visitLocalHour","label":null,"source":"","datatype":"String","isGroupBy":null,"isPartitioned":null,"isFeature":null,"isLabelField":null,"isIdentifier":null,"operationtype":null,"note":null,"columntype":null,"metadata":null},{"id":"ac65b773-2c62-435e-9c9c-c68f8ece2aa9","order":86,"graphNodeId":"c6287bcc-bb75-4085-a1af-c3d05e6448b6","appProcessMappingId":"53491f83-c53a-4210-880c-be20ee507b52","name":"daysSinceLastVisit","label":null,"source":"","datatype":"String","isGroupBy":null,"isPartitioned":null,"isFeature":null,"isLabelField":null,"isIdentifier":null,"operationtype":null,"note":null,"columntype":null,"metadata":null},{"id":"120c2bfd-e870-493d-84d0-d02c057385b8","order":87,"graphNodeId":"c6287bcc-bb75-4085-a1af-c3d05e6448b6","appProcessMappingId":"d9d4cc87-d457-402d-bfe9-77c0931238a9","name":"secondsSinceLastVisit","label":null,"source":"","datatype":"String","isGroupBy":null,"isPartitioned":null,"isFeature":null,"isLabelField":null,"isIdentifier":null,"operationtype":null,"note":null,"columntype":null,"metadata":null},{"id":"b12a46f3-ed2f-4524-9ed4-776eeeb3ef8e","order":88,"graphNodeId":"c6287bcc-bb75-4085-a1af-c3d05e6448b6","appProcessMappingId":"84d47a1d-e7df-4e33-ad30-f669221971c0","name":"resolution","label":null,"source":"","datatype":"String","isGroupBy":null,"isPartitioned":null,"isFeature":null,"isLabelField":null,"isIdentifier":null,"operationtype":null,"note":null,"columntype":null,"metadata":null},{"id":"9fbfab22-c119-4add-8383-76803db9262c","order":89,"graphNodeId":"c6287bcc-bb75-4085-a1af-c3d05e6448b6","appProcessMappingId":"8f844516-1784-41d7-a668-443cf2f338ef","name":"plugins","label":null,"source":"","datatype":"String","isGroupBy":null,"isPartitioned":null,"isFeature":null,"isLabelField":null,"isIdentifier":null,"operationtype":null,"note":null,"columntype":null,"metadata":null},{"id":"1b686ef5-9f2e-4668-a26d-e6fd17e1c0be","order":90,"graphNodeId":"c6287bcc-bb75-4085-a1af-c3d05e6448b6","appProcessMappingId":"aa6ddbbb-d5a7-438f-9fd7-ffdec77d5f11","name":"pluginsIcons","label":null,"source":"","datatype":"String","isGroupBy":null,"isPartitioned":null,"isFeature":null,"isLabelField":null,"isIdentifier":null,"operationtype":null,"note":null,"columntype":null,"metadata":null},{"id":"5d8a11a1-104e-4914-ba03-86797de78a13","order":91,"graphNodeId":"c6287bcc-bb75-4085-a1af-c3d05e6448b6","appProcessMappingId":"13d3170d-05be-4496-833b-7e67f1b060f2","name":"dimension1","label":null,"source":"","datatype":"String","isGroupBy":null,"isPartitioned":null,"isFeature":null,"isLabelField":null,"isIdentifier":null,"operationtype":null,"note":null,"columntype":null,"metadata":null},{"id":"82e44872-1e81-4d9c-9e8b-ed892f974487","order":92,"graphNodeId":"c6287bcc-bb75-4085-a1af-c3d05e6448b6","appProcessMappingId":"11bfe06a-d0da-4c84-ae5d-f9c6e1f0b34d","name":"experiments","label":null,"source":"","datatype":"String","isGroupBy":null,"isPartitioned":null,"isFeature":null,"isLabelField":null,"isIdentifier":null,"operationtype":null,"note":null,"columntype":null,"metadata":null},{"id":"4798ddba-2831-4ba0-9bb7-79fcda812cb5","order":93,"graphNodeId":"c6287bcc-bb75-4085-a1af-c3d05e6448b6","appProcessMappingId":"39023e0e-716a-4203-884c-aa678b093847","name":"adClickId","label":null,"source":"","datatype":"String","isGroupBy":null,"isPartitioned":null,"isFeature":null,"isLabelField":null,"isIdentifier":null,"operationtype":null,"note":null,"columntype":null,"metadata":null},{"id":"ab4ccb2a-9547-4230-806d-58bce8827c5e","order":94,"graphNodeId":"c6287bcc-bb75-4085-a1af-c3d05e6448b6","appProcessMappingId":"2cbeb8f3-d58c-40d2-8650-b231dfab2dde","name":"adProviderId","label":null,"source":"","datatype":"String","isGroupBy":null,"isPartitioned":null,"isFeature":null,"isLabelField":null,"isIdentifier":null,"operationtype":null,"note":null,"columntype":null,"metadata":null},{"id":"e7181d40-812e-4c7e-a6e1-dfe5f43f3434","order":95,"graphNodeId":"c6287bcc-bb75-4085-a1af-c3d05e6448b6","appProcessMappingId":"783f31aa-0977-4b3b-b526-eb5a47942ce1","name":"adProviderName","label":null,"source":"","datatype":"String","isGroupBy":null,"isPartitioned":null,"isFeature":null,"isLabelField":null,"isIdentifier":null,"operationtype":null,"note":null,"columntype":null,"metadata":null},{"id":"b26d5e89-81d6-4541-951d-5742807bb3c9","order":96,"graphNodeId":"c6287bcc-bb75-4085-a1af-c3d05e6448b6","appProcessMappingId":"1e5bf803-2ae2-43a7-945a-8654b3ef7679","name":"customVariables","label":null,"source":"","datatype":"String","isGroupBy":null,"isPartitioned":null,"isFeature":null,"isLabelField":null,"isIdentifier":null,"operationtype":null,"note":null,"columntype":null,"metadata":null},{"id":"bbc9ef16-97d8-413d-89a5-2d569f5cf1a4","order":97,"graphNodeId":"c6287bcc-bb75-4085-a1af-c3d05e6448b6","appProcessMappingId":"57846517-5f45-41f3-ad24-fcf3e7dd6047","name":"formConversions","label":null,"source":"","datatype":"String","isGroupBy":null,"isPartitioned":null,"isFeature":null,"isLabelField":null,"isIdentifier":null,"operationtype":null,"note":null,"columntype":null,"metadata":null},{"id":"39a58810-0280-4e85-bd3c-6480a789340b","order":98,"graphNodeId":"c6287bcc-bb75-4085-a1af-c3d05e6448b6","appProcessMappingId":"a47c19bd-c00d-467e-a679-8aa337722fdd","name":"sessionReplayUrl","label":null,"source":"","datatype":"String","isGroupBy":null,"isPartitioned":null,"isFeature":null,"isLabelField":null,"isIdentifier":null,"operationtype":null,"note":null,"columntype":null,"metadata":null},{"id":"4380acce-1a47-4c08-b7f4-3b76c28ef151","order":99,"graphNodeId":"c6287bcc-bb75-4085-a1af-c3d05e6448b6","appProcessMappingId":"824ea9c3-a00c-4711-b2bb-df554ad5a32a","name":"campaignId","label":null,"source":"","datatype":"String","isGroupBy":null,"isPartitioned":null,"isFeature":null,"isLabelField":null,"isIdentifier":null,"operationtype":null,"note":null,"columntype":null,"metadata":null},{"id":"3e142874-fb01-4d17-9bc7-47d6df903eaf","order":100,"graphNodeId":"c6287bcc-bb75-4085-a1af-c3d05e6448b6","appProcessMappingId":"d945d8ec-b819-4ddf-8b82-f980c8a4c3b4","name":"campaignContent","label":null,"source":"","datatype":"String","isGroupBy":null,"isPartitioned":null,"isFeature":null,"isLabelField":null,"isIdentifier":null,"operationtype":null,"note":null,"columntype":null,"metadata":null},{"id":"45a3e751-2773-47ec-a763-0bfe7b148e37","order":101,"graphNodeId":"c6287bcc-bb75-4085-a1af-c3d05e6448b6","appProcessMappingId":"f2984f95-fb88-4e7e-a24d-c59e12356bd4","name":"campaignKeyword","label":null,"source":"","datatype":"String","isGroupBy":null,"isPartitioned":null,"isFeature":null,"isLabelField":null,"isIdentifier":null,"operationtype":null,"note":null,"columntype":null,"metadata":null},{"id":"43bc4f1f-8ab2-4781-93fb-0c233c701d62","order":102,"graphNodeId":"c6287bcc-bb75-4085-a1af-c3d05e6448b6","appProcessMappingId":"400e2a52-46ff-423d-903a-67a2574f51af","name":"campaignMedium","label":null,"source":"","datatype":"String","isGroupBy":null,"isPartitioned":null,"isFeature":null,"isLabelField":null,"isIdentifier":null,"operationtype":null,"note":null,"columntype":null,"metadata":null},{"id":"f6429574-527b-40a6-8fc6-438b5f0e1ff9","order":103,"graphNodeId":"c6287bcc-bb75-4085-a1af-c3d05e6448b6","appProcessMappingId":"452da68c-8635-44e6-9daf-2b2aed5dbc39","name":"campaignName","label":null,"source":"","datatype":"String","isGroupBy":null,"isPartitioned":null,"isFeature":null,"isLabelField":null,"isIdentifier":null,"operationtype":null,"note":null,"columntype":null,"metadata":null},{"id":"d55f65ed-39a3-4b3f-af2e-1b0f38f9483e","order":104,"graphNodeId":"c6287bcc-bb75-4085-a1af-c3d05e6448b6","appProcessMappingId":"6316dc1c-4e85-40d1-ba2d-87596bbb874d","name":"campaignSource","label":null,"source":"","datatype":"String","isGroupBy":null,"isPartitioned":null,"isFeature":null,"isLabelField":null,"isIdentifier":null,"operationtype":null,"note":null,"columntype":null,"metadata":null},{"id":"54ca785d-b2e5-44c3-ad6f-e8b552dbeead","order":105,"graphNodeId":"c6287bcc-bb75-4085-a1af-c3d05e6448b6","appProcessMappingId":"9ccda4e9-e5ad-4914-9057-f75a1cbee45e","name":"campaignGroup","label":null,"source":"","datatype":"String","isGroupBy":null,"isPartitioned":null,"isFeature":null,"isLabelField":null,"isIdentifier":null,"operationtype":null,"note":null,"columntype":null,"metadata":null},{"id":"12403b20-2a36-4f6b-872b-1c90d3412ebd","order":106,"graphNodeId":"c6287bcc-bb75-4085-a1af-c3d05e6448b6","appProcessMappingId":"a0b1879a-c14b-409e-9950-cea71decde21","name":"campaignPlacement","label":null,"source":"","datatype":"String","isGroupBy":null,"isPartitioned":null,"isFeature":null,"isLabelField":null,"isIdentifier":null,"operationtype":null,"note":null,"columntype":null,"metadata":null},{"id":"4393de70-2ea2-48e6-af16-dab17ecdd0ce","order":107,"graphNodeId":"c6287bcc-bb75-4085-a1af-c3d05e6448b6","appProcessMappingId":"503d621f-c832-4bec-841a-a162f538d1ba","name":"file_date","label":null,"source":"","datatype":"string","isGroupBy":null,"isPartitioned":true,"isFeature":null,"isLabelField":null,"isIdentifier":null,"operationtype":null,"note":null,"columntype":null,"metadata":null}]},"outputParameters":{"datasets":[{"appNodeId":"062826b2-0b44-4216-8083-494ea5443b8b","displayName":"v720_a1_matomo_loader","objectTypeKey":"TABLE","partitionScheme":"DAILY","loadToBigQuery":false,"loadToRedshift":false,"fileFormat":"PARQUET","tableName":"v720_a1_matomo_loader"}]}},"templateVersionId":"23ce67c6-3300-4cdc-a7d8-d89375067763","createdById":"e818ce9b-a8b5-4a4a-bb11-5579587878f6","modifiedById":"e818ce9b-a8b5-4a4a-bb11-5579587878f6","createdAt":"2023-09-29T14:53:51.979Z","updatedAt":"2023-09-29T15:09:55.417Z","objectType":null,"processType":{"name":"Matomo Loader","schemaAware":false,"runtime":"undefined","icon":{"key":"MATOMO_LOADER"}},"graphNodePorts":[{"id":"1d9f7d84-0da1-4a7a-aa6f-91757d25f640","graphNodeId":"c6287bcc-bb75-4085-a1af-c3d05e6448b6","direction":"INPUT","location":["left"],"toLinks":[],"fromLinks":[{"id":"e8f54eba-0248-456e-869a-615e556375a1","fromPortId":"4608189b-54ed-4ea1-ad5a-ec1e4bbdcc7a","toPortId":"1d9f7d84-0da1-4a7a-aa6f-91757d25f640"}]},{"id":"306e0b58-83e3-4d4f-9190-35094d07f460","graphNodeId":"c6287bcc-bb75-4085-a1af-c3d05e6448b6","direction":"OUTPUT","location":["right"],"toLinks":[{"id":"41660932-f95b-479e-a9f7-23512645d777","fromPortId":"306e0b58-83e3-4d4f-9190-35094d07f460","toPortId":"be28af30-df58-4e28-8a14-c5ae44d6480c"}],"fromLinks":[]}],"templateIcon":{"key":"MATOMO_LOADER"}},{"id":"5a50c516-a8b1-4efa-885a-8dfb8c0e3d22","name":"matomo_api","appNodeId":"acc0b1a3-93ac-4b7e-a788-64a3f63995fd","workflowId":"fb01e07e-fd08-4516-8a83-3fb1b694a579","objectTypeKey":"MATOMO_API","processTypeKey":null,"displayGroup":null,"connectionId":"260b2f19-e410-4bf4-9bdb-c90d3980315c","externalDatasetId":null,"externalSchemaId":null,"datasetId":null,"streamId":null,"intelligenceHubId":null,"displayGroupKey":null,"state":"CONFIGURED","parameters":{"system":{"isDeletable":true}},"templateVersionId":null,"createdById":"e818ce9b-a8b5-4a4a-bb11-5579587878f6","modifiedById":"e818ce9b-a8b5-4a4a-bb11-5579587878f6","createdAt":"2023-09-29T14:53:51.979Z","updatedAt":"2023-09-29T14:53:51.979Z","objectType":{"name":"Matomo API","objectCategoryKey":"CONNECTION","icon":{"name":"matomo-api.svg","isSystem":true}},"processType":null,"processMapping":[],"graphNodePorts":[{"id":"1a1028fb-c0bd-43af-b4fd-6f501d127a96","graphNodeId":"5a50c516-a8b1-4efa-885a-8dfb8c0e3d22","direction":"INPUT","location":["left"],"toLinks":[],"fromLinks":[]},{"id":"4608189b-54ed-4ea1-ad5a-ec1e4bbdcc7a","graphNodeId":"5a50c516-a8b1-4efa-885a-8dfb8c0e3d22","direction":"OUTPUT","location":["right"],"toLinks":[{"id":"e8f54eba-0248-456e-869a-615e556375a1","fromPortId":"4608189b-54ed-4ea1-ad5a-ec1e4bbdcc7a","toPortId":"1d9f7d84-0da1-4a7a-aa6f-91757d25f640"}],"fromLinks":[]}],"objectCategoryKey":"CONNECTION"},{"id":"df4ba788-8a39-45e3-8fca-332d03ff774d","name":"v720_a1_matomo_loader","appNodeId":"062826b2-0b44-4216-8083-494ea5443b8b","workflowId":"fb01e07e-fd08-4516-8a83-3fb1b694a579","objectTypeKey":"TABLE","processTypeKey":null,"displayGroup":null,"connectionId":null,"externalDatasetId":null,"externalSchemaId":null,"datasetId":"3bca456b-a9d3-4fc0-b554-70c21cab464c","streamId":null,"intelligenceHubId":null,"displayGroupKey":null,"state":null,"parameters":{"system":{"isDeletable":true}},"templateVersionId":null,"createdById":"e818ce9b-a8b5-4a4a-bb11-5579587878f6","modifiedById":"e818ce9b-a8b5-4a4a-bb11-5579587878f6","createdAt":"2023-09-29T14:53:51.979Z","updatedAt":"2023-09-29T14:53:51.979Z","objectType":{"name":"Table","objectCategoryKey":"DATASET","icon":{"name":"table.svg","isSystem":true}},"processType":null,"processMapping":[],"graphNodePorts":[{"id":"be28af30-df58-4e28-8a14-c5ae44d6480c","graphNodeId":"df4ba788-8a39-45e3-8fca-332d03ff774d","direction":"INPUT","location":["left"],"toLinks":[],"fromLinks":[{"id":"41660932-f95b-479e-a9f7-23512645d777","fromPortId":"306e0b58-83e3-4d4f-9190-35094d07f460","toPortId":"be28af30-df58-4e28-8a14-c5ae44d6480c"}]},{"id":"d0acadeb-ee53-42e5-b5b2-5eb3262067d3","graphNodeId":"df4ba788-8a39-45e3-8fca-332d03ff774d","direction":"OUTPUT","location":["right"],"toLinks":[],"fromLinks":[]}],"objectCategoryKey":"DATASET"}]}